"domain","site"
"7eleven.wd3.myworkdayjobs.com","7eleven"
"7eleven.wd3.myworkdayjobs.com","7elevenv2"
"9dot.wd503.myworkdayjobs.com","PIE_Careers"
"a1group.wd3.myworkdayjobs.com","A1_Jobs"
"a1group.wd3.myworkdayjobs.com","A1_Jobs_at"
"a1group.wd3.myworkdayjobs.com","A1_Jobs_bg"
"a1group.wd3.myworkdayjobs.com","A1_Jobs_cr"
"a1group.wd3.myworkdayjobs.com","A1_Jobs_mk"
"a1group.wd3.myworkdayjobs.com","A1_Jobs_sl"
"a1group.wd3.myworkdayjobs.com","A1_Jobs_sr"
"a1group.wd3.myworkdayjobs.com","karriere_at"
"aalto.wd3.myworkdayjobs.com","aalto"
"aaregional.wd503.myworkdayjobs.com","Search"
"aba.wd1.myworkdayjobs.com","ABA"
"abcfws.wd1.myworkdayjobs.com","abcfws"
"abrdn.wd3.myworkdayjobs.com","abrdn"
"absa.wd3.myworkdayjobs.com","ABSAcareersite"
"absa.wd3.myworkdayjobs.com","NBC_Careers"
"accelleron.wd3.myworkdayjobs.com","Accelleron"
"acendahealth.wd501.myworkdayjobs.com","broadbean_external"
"adient.wd3.myworkdayjobs.com","broadbean_external"
"adient.wd3.myworkdayjobs.com","External"
"advantech.wd3.myworkdayjobs.com","External"
"airasia.wd3.myworkdayjobs.com","Careers"
"akamerica.wd501.myworkdayjobs.com","aka"
"alliancewd.wd3.myworkdayjobs.com","alpine-racing-careers"
"alliancewd.wd3.myworkdayjobs.com","renault-group-careers"
"altru.wd503.myworkdayjobs.com","careers"
"altusgroup.wd3.myworkdayjobs.com","AltusGroup"
"applyboard.wd3.myworkdayjobs.com","ApplyBoardNH"
"audubon.wd503.myworkdayjobs.com","Audubon"
"averis.wd3.myworkdayjobs.com","RGE"
"bentley.wd503.myworkdayjobs.com","faculty"
"bentley.wd503.myworkdayjobs.com","staff"
"burkert.wd502.myworkdayjobs.com","burkert-career"
"cesco.wd501.myworkdayjobs.com","CESCOCareers"
"claylacy.wd501.myworkdayjobs.com","Clay_Lacy_Aviation_Careers"
"cornerstone.wd501.myworkdayjobs.com","CornerstoneResearch_Careers"
"elemica.wd501.myworkdayjobs.com","Elemica_Careers"
"exos.wd501.myworkdayjobs.com","EXOSCAREERS"
"fhsu.wd503.myworkdayjobs.com","CAREERS"
"freshfields.wd3.myworkdayjobs.com","FBD_101"
"fronius.wd3.myworkdayjobs.com","Job_Board"
"frontiereconomics.wd3.myworkdayjobs.com","Frontier_Economics_Careers"
"fugro.wd3.myworkdayjobs.com","Careers"
"galvestoncountytx.wd503.myworkdayjobs.com","CountyofGalvestonCareers"
"gea.wd3.myworkdayjobs.com","GEACareers"
"gianttiger.wd3.myworkdayjobs.com","gianttiger"
"greathearts.wd503.myworkdayjobs.com","GreatHearts_Careers"
"grpr.wd3.myworkdayjobs.com","palace_jobs"
"grpr.wd3.myworkdayjobs.com","parques_reunidos"
"hengeler.wd502.myworkdayjobs.com","HM-Candidate_Events"
"hengeler.wd502.myworkdayjobs.com","HM-Careers-Business-Services"
"hengeler.wd502.myworkdayjobs.com","HM-Careers-Legal"
"hfecorp.wd503.myworkdayjobs.com","palace_jobs"
"hksinc.wd501.myworkdayjobs.com","HKSCareers"
"hoganlovells.wd3.myworkdayjobs.com","Search"
"hydroottawa.wd3.myworkdayjobs.com","hydro_ottawa_careersite"
"ico.wd3.myworkdayjobs.com","ICO"
"iko.wd3.myworkdayjobs.com","iko_careers"
"ing.wd3.myworkdayjobs.com","icsgblcor"
"intelcomgroup.wd3.myworkdayjobs.com","Intelcom"
"juliusbaer.wd3.myworkdayjobs.com","External"
"juliusbaer.wd3.myworkdayjobs.com","Internships"
"kean.wd503.myworkdayjobs.com","Kean"
"madrigalpharma.wd501.myworkdayjobs.com","Madrigal"
"meowwolf.wd1.myworkdayjobs.com","MeowWolf"
"merceruniversity.wd1.myworkdayjobs.com","external"
"micron.wd1.myworkdayjobs.com","External"
"mmc.wd1.myworkdayjobs.com","careers"
"mmc.wd1.myworkdayjobs.com","MMC"
"modmed.wd501.myworkdayjobs.com","ModMed12"
"moelis.wd1.myworkdayjobs.com","Experienced-Hires"
"moelis.wd1.myworkdayjobs.com","University-Hires"
"monarchcasino.wd501.myworkdayjobs.com","Monarch_Casinos"
"msh.wd503.myworkdayjobs.com","External"
"mtminc.wd1.myworkdayjobs.com","MTM_External"
"muhlenberg.wd1.myworkdayjobs.com","MuhlenbergCareers"
"natura.wd501.myworkdayjobs.com","NaturaCarreiras"
"navigators.wd1.myworkdayjobs.com","External"
"ngs.wd1.myworkdayjobs.com","ngs_external_career_site"
"noblecorp.wd1.myworkdayjobs.com","noblecorp"
"nrpgroup.wd1.myworkdayjobs.com","NRP"
"pae.wd1.myworkdayjobs.com","Amentum_Careers"
"path.wd1.myworkdayjobs.com","External"
"paypal.wd1.myworkdayjobs.com","jobs"
"poet.wd1.myworkdayjobs.com","POET"
"polarsemi.wd501.myworkdayjobs.com","Polar"
"priceline.wd1.myworkdayjobs.com","Priceline"
"primetherapeutics.wd1.myworkdayjobs.com","PrimeTherapeuticsCareers"
"pursuitcollection.wd501.myworkdayjobs.com","pursuit"
"rayonier.wd501.myworkdayjobs.com","Rayonier_Careers"
"rwlasvegas.wd501.myworkdayjobs.com","RWLV_External_Careers"
"sellagroup.wd3.myworkdayjobs.com","ID01"
"simcorp.wd3.myworkdayjobs.com","SimCorp_Jobs"
"sky.wd3.myworkdayjobs.com","sky_careers"
"sok.wd502.myworkdayjobs.com","S-ryhman-avoimet-tyopaikat"
"soti.wd3.myworkdayjobs.com","Careers"
"springernature.wd3.myworkdayjobs.com","SpringerNatureCareers"
"stellamccartney.wd3.myworkdayjobs.com","SMCExternal"
"storaenso.wd502.myworkdayjobs.com","Stora_Enso_site_opportunities"
"storebrand.wd3.myworkdayjobs.com","SPP_Careers"
"svha.wd3.myworkdayjobs.com","SVHA_SVHA"
"swarovski.wd3.myworkdayjobs.com","swarovski"
"swisslife.wd3.myworkdayjobs.com","livit-ag-career-stellenboerse"
"swisslife.wd3.myworkdayjobs.com","Swiss_Life_Deutschland_Stellenangebote"
"swisslife.wd3.myworkdayjobs.com","Swiss_Life_Division_France_Career_Site"
"swisslife.wd3.myworkdayjobs.com","Swiss_Life_International_Division_Career_Site"
"synthomer.wd3.myworkdayjobs.com","synthomercareers"
"theapexgroup.wd3.myworkdayjobs.com","apexgroupcareers"
"tieto.wd3.myworkdayjobs.com","Tieto_Careers_External_Site"
"tmx.wd3.myworkdayjobs.com","TMX_Careers"
"tomtailorgroup.wd502.myworkdayjobs.com","TomTailor"
"ttiemea.wd3.myworkdayjobs.com","TTI"
"ukgrantt.wd3.myworkdayjobs.com","CareersGrantThornton"
"unhcr.wd3.myworkdayjobs.com","External"
"unhcr.wd3.myworkdayjobs.com","FormerStaff"
"willamette.wd501.myworkdayjobs.com","WillametteUniversityJobs"
"wri.wd501.myworkdayjobs.com","WRI"
"wri.wd501.myworkdayjobs.com","WRI_India"
"yle.wd502.myworkdayjobs.com","External"
"zebra.wd501.myworkdayjobs.com","Zebra_careers"
"zeppelin.wd3.myworkdayjobs.com","careers"
"zuehlke.wd3.myworkdayjobs.com","Zuhlke-Careers"
