source_row,domain,site_id,list_url,careers_url,status_code,job_links_found,sample_job_url,sample_title,error,elapsed_seconds
32,4county.applicantpro.com,13721,https://4county.applicantpro.com/core/jobs/13721?getParams=%7B%22isInternal%22%3A0%2C%22showLocation%22%3A1%2C%22showEmploymentType%22%3A1%2C%22showWorkplaceType%22%3A1%2C%22chatToApplyButton%22%3A%220%22%7D,https://4county.applicantpro.com/jobs/,200,1,https://4county.applicantpro.com/jobs/4159302,Utility Maintenance Technician,,0.70
149,aerowavetech.applicantpro.com,18437,https://aerowavetech.applicantpro.com/core/jobs/18437?getParams=%7B%22isInternal%22%3A0%2C%22showLocation%22%3A1%2C%22showEmploymentType%22%3A1%2C%22showWorkplaceType%22%3A1%2C%22chatToApplyButton%22%3A%220%22%7D,https://aerowavetech.applicantpro.com/jobs/,200,1,https://aerowavetech.applicantpro.com/jobs/4110467,Alarm & Surveillance Technician,,0.69
180,airbusspaceanddefense.applicantpro.com,3546,https://airbusspaceanddefense.applicantpro.com/core/jobs/3546?getParams=%7B%22isInternal%22%3A0%2C%22showLocation%22%3A1%2C%22showEmploymentType%22%3A1%2C%22showWorkplaceType%22%3A1%2C%22chatToApplyButton%22%3A%220%22%7D,https://airbusspaceanddefense.applicantpro.com/jobs/,200,32,https://airbusspaceanddefense.applicantpro.com/jobs/4162219,Assembly I&T Technician III (Second Shift),,0.68
233,alliancehcm.applicantpro.com,15772,https://alliancehcm.applicantpro.com/core/jobs/15772?getParams=%7B%22isInternal%22%3A0%2C%22showLocation%22%3A1%2C%22showEmploymentType%22%3A1%2C%22showWorkplaceType%22%3A1%2C%22chatToApplyButton%22%3A%220%22%7D,https://alliancehcm.applicantpro.com/jobs/,200,21,https://alliancehcm.applicantpro.com/jobs/4119792,Onboarding Data Specialist,,0.72
276,amerapex.applicantpro.com,16714,https://amerapex.applicantpro.com/core/jobs/16714?getParams=%7B%22isInternal%22%3A0%2C%22showLocation%22%3A1%2C%22showEmploymentType%22%3A1%2C%22showWorkplaceType%22%3A1%2C%22chatToApplyButton%22%3A%220%22%7D,https://amerapex.applicantpro.com/jobs/,200,9,https://amerapex.applicantpro.com/jobs/4016330,Business Development - (Nationwide Sales Territory),,0.68
303,ampierce.applicantpro.com,15078,https://ampierce.applicantpro.com/core/jobs/15078?getParams=%7B%22isInternal%22%3A0%2C%22showLocation%22%3A1%2C%22showEmploymentType%22%3A1%2C%22showWorkplaceType%22%3A1%2C%22chatToApplyButton%22%3A%220%22%7D,https://ampierce.applicantpro.com/jobs/,200,7,https://ampierce.applicantpro.com/jobs/4162821,Business Analyst,,0.69
410,archny.applicantpro.com,3256,https://archny.applicantpro.com/core/jobs/3256?getParams=%7B%22isInternal%22%3A0%2C%22showLocation%22%3A1%2C%22showEmploymentType%22%3A1%2C%22showWorkplaceType%22%3A1%2C%22chatToApplyButton%22%3A%220%22%7D,https://archny.applicantpro.com/jobs/,200,32,https://archny.applicantpro.com/jobs/4155221,Administrative Assistant/Front Office Administrator,,0.73
413,arcofcs.applicantpro.com,6994,https://arcofcs.applicantpro.com/core/jobs/6994?getParams=%7B%22isInternal%22%3A0%2C%22showLocation%22%3A1%2C%22showEmploymentType%22%3A1%2C%22showWorkplaceType%22%3A1%2C%22chatToApplyButton%22%3A%220%22%7D,https://arcofcs.applicantpro.com/jobs/,200,15,https://arcofcs.applicantpro.com/jobs/4038972,Activities Coordinator,,0.68
422,argocyber.applicantpro.com,12860,https://argocyber.applicantpro.com/core/jobs/12860?getParams=%7B%22isInternal%22%3A0%2C%22showLocation%22%3A1%2C%22showEmploymentType%22%3A1%2C%22showWorkplaceType%22%3A1%2C%22chatToApplyButton%22%3A%220%22%7D,https://argocyber.applicantpro.com/jobs/,200,22,https://argocyber.applicantpro.com/jobs/4163207,A&A Analyst,,0.62
441,arrowexterminators.applicantpro.com,4782,https://arrowexterminators.applicantpro.com/core/jobs/4782?getParams=%7B%22isInternal%22%3A0%2C%22showLocation%22%3A1%2C%22showEmploymentType%22%3A1%2C%22showWorkplaceType%22%3A1%2C%22chatToApplyButton%22%3A%220%22%7D,https://arrowexterminators.applicantpro.com/jobs/,200,64,https://arrowexterminators.applicantpro.com/jobs/4152614,Carpenter,,0.69
463,asirobots.applicantpro.com,863,https://asirobots.applicantpro.com/core/jobs/863?getParams=%7B%22isInternal%22%3A0%2C%22showLocation%22%3A1%2C%22showEmploymentType%22%3A1%2C%22showWorkplaceType%22%3A1%2C%22chatToApplyButton%22%3A%220%22%7D,https://asirobots.applicantpro.com/jobs/,200,66,https://asirobots.applicantpro.com/jobs/3942457,AI Engineer IV (Embedded Software),,0.63
464,asjobssdsu.applicantpro.com,17963,https://asjobssdsu.applicantpro.com/core/jobs/17963?getParams=%7B%22isInternal%22%3A0%2C%22showLocation%22%3A1%2C%22showEmploymentType%22%3A1%2C%22showWorkplaceType%22%3A1%2C%22chatToApplyButton%22%3A%220%22%7D,https://asjobssdsu.applicantpro.com/jobs/,200,14,https://asjobssdsu.applicantpro.com/jobs/4159801,AS Food Pantry Lead,,0.64
493,atgcontracting.applicantpro.com,9003,https://atgcontracting.applicantpro.com/core/jobs/9003?getParams=%7B%22isInternal%22%3A0%2C%22showLocation%22%3A1%2C%22showEmploymentType%22%3A1%2C%22showWorkplaceType%22%3A1%2C%22chatToApplyButton%22%3A%220%22%7D,https://atgcontracting.applicantpro.com/jobs/,200,3,https://atgcontracting.applicantpro.com/jobs/4040786,"Cost Analyst, Senior",,0.65
582,azgt.applicantpro.com,3365,https://azgt.applicantpro.com/core/jobs/3365?getParams=%7B%22isInternal%22%3A0%2C%22showLocation%22%3A1%2C%22showEmploymentType%22%3A1%2C%22showWorkplaceType%22%3A1%2C%22chatToApplyButton%22%3A%220%22%7D,https://azgt.applicantpro.com/jobs/,200,2,https://azgt.applicantpro.com/jobs/4165277,Administrative Assistant,,0.64
606,bannerdefenseinc.applicantpro.com,16816,https://bannerdefenseinc.applicantpro.com/core/jobs/16816?getParams=%7B%22isInternal%22%3A0%2C%22showLocation%22%3A1%2C%22showEmploymentType%22%3A1%2C%22showWorkplaceType%22%3A1%2C%22chatToApplyButton%22%3A%220%22%7D,https://bannerdefenseinc.applicantpro.com/jobs/,200,20,https://Bannerdefenseinc.applicantpro.com/jobs/4133883,AI Engineer,,0.66
625,bastiontechnologies.applicantpro.com,3360,https://bastiontechnologies.applicantpro.com/core/jobs/3360?getParams=%7B%22isInternal%22%3A0%2C%22showLocation%22%3A1%2C%22showEmploymentType%22%3A1%2C%22showWorkplaceType%22%3A1%2C%22chatToApplyButton%22%3A%220%22%7D,https://bastiontechnologies.applicantpro.com/jobs/,200,40,https://bastiontechnologies.applicantpro.com/jobs/4100145,"Component Engineer, SME (BT-26115)",,0.55
627,batteriesplus.applicantpro.com,16440,https://batteriesplus.applicantpro.com/core/jobs/16440?getParams=%7B%22isInternal%22%3A0%2C%22showLocation%22%3A1%2C%22showEmploymentType%22%3A1%2C%22showWorkplaceType%22%3A1%2C%22chatToApplyButton%22%3A%220%22%7D,https://batteriesplus.applicantpro.com/jobs/,200,109,https://batteriesplus.applicantpro.com/jobs/4150664,Accounts Payable Manager,,1.21
643,bcbforlife.applicantpro.com,35,https://bcbforlife.applicantpro.com/core/jobs/35?getParams=%7B%22isInternal%22%3A0%2C%22showLocation%22%3A1%2C%22showEmploymentType%22%3A1%2C%22showWorkplaceType%22%3A1%2C%22chatToApplyButton%22%3A%220%22%7D,https://bcbforlife.applicantpro.com/jobs/,200,6,https://bcbforlife.applicantpro.com/jobs/4151185,Relationship Specialist,,0.62
656,bcisse.applicantpro.com,939,https://bcisse.applicantpro.com/core/jobs/939?getParams=%7B%22isInternal%22%3A0%2C%22showLocation%22%3A1%2C%22showEmploymentType%22%3A1%2C%22showWorkplaceType%22%3A1%2C%22chatToApplyButton%22%3A%220%22%7D,https://bcisse.applicantpro.com/jobs/,200,7,https://bcisse.applicantpro.com/jobs/4164658,Human Factors Engineer (Anthro),,0.57
658,bcmud.applicantpro.com,15341,https://bcmud.applicantpro.com/core/jobs/15341?getParams=%7B%22isInternal%22%3A0%2C%22showLocation%22%3A1%2C%22showEmploymentType%22%3A1%2C%22showWorkplaceType%22%3A1%2C%22chatToApplyButton%22%3A%220%22%7D,https://bcmud.applicantpro.com/jobs/,200,7,https://bcmud.applicantpro.com/jobs/4132166,Camp Counselor (After School),,0.70
661,beachestanningcenter.applicantpro.com,9135,https://beachestanningcenter.applicantpro.com/core/jobs/9135?getParams=%7B%22isInternal%22%3A0%2C%22showLocation%22%3A1%2C%22showEmploymentType%22%3A1%2C%22showWorkplaceType%22%3A1%2C%22chatToApplyButton%22%3A%220%22%7D,https://beachestanningcenter.applicantpro.com/jobs/,200,17,https://beachestanningcenter.applicantpro.com/jobs/4147611,Assistant Store Manager - Saratoga Springs,,0.67
669,bedrosians.applicantpro.com,4045,https://bedrosians.applicantpro.com/core/jobs/4045?getParams=%7B%22isInternal%22%3A0%2C%22showLocation%22%3A1%2C%22showEmploymentType%22%3A1%2C%22showWorkplaceType%22%3A1%2C%22chatToApplyButton%22%3A%220%22%7D,https://bedrosians.applicantpro.com/jobs/,200,56,https://bedrosians.applicantpro.com/jobs/4128084,Accounts Receivable Clerk,,0.71
691,beneschlaw.applicantpro.com,10450,https://beneschlaw.applicantpro.com/core/jobs/10450?getParams=%7B%22isInternal%22%3A0%2C%22showLocation%22%3A1%2C%22showEmploymentType%22%3A1%2C%22showWorkplaceType%22%3A1%2C%22chatToApplyButton%22%3A%220%22%7D,https://beneschlaw.applicantpro.com/jobs/,200,37,https://beneschlaw.applicantpro.com/jobs/4051173,Accounting Intake Specialist,,0.62
714,bhico.applicantpro.com,1041,https://bhico.applicantpro.com/core/jobs/1041?getParams=%7B%22isInternal%22%3A0%2C%22showLocation%22%3A1%2C%22showEmploymentType%22%3A1%2C%22showWorkplaceType%22%3A1%2C%22chatToApplyButton%22%3A%220%22%7D,https://bhico.applicantpro.com/jobs/,200,70,https://bhico.applicantpro.com/jobs/4150983,Asphalt & Paving Roller Operator,,0.67
715,bhinc.applicantpro.com,1282,https://bhinc.applicantpro.com/core/jobs/1282?getParams=%7B%22isInternal%22%3A0%2C%22showLocation%22%3A1%2C%22showEmploymentType%22%3A1%2C%22showWorkplaceType%22%3A1%2C%22chatToApplyButton%22%3A%220%22%7D,https://bhinc.applicantpro.com/jobs/,200,18,https://bhinc.applicantpro.com/jobs/4135702,Accounting Clerk (ACCTCP),,0.54
764,blecorp.applicantpro.com,10449,https://blecorp.applicantpro.com/core/jobs/10449?getParams=%7B%22isInternal%22%3A0%2C%22showLocation%22%3A1%2C%22showEmploymentType%22%3A1%2C%22showWorkplaceType%22%3A1%2C%22chatToApplyButton%22%3A%220%22%7D,https://blecorp.applicantpro.com/jobs/,200,21,https://blecorp.applicantpro.com/jobs/4104042,GVL County High-School Work-Based Learning Program | Part-Time Gotechnical Soils and Concrte Laboratory Technician,,0.57
805,bonejoint.applicantpro.com,2342,https://bonejoint.applicantpro.com/core/jobs/2342?getParams=%7B%22isInternal%22%3A0%2C%22showLocation%22%3A1%2C%22showEmploymentType%22%3A1%2C%22showWorkplaceType%22%3A1%2C%22chatToApplyButton%22%3A%220%22%7D,https://bonejoint.applicantpro.com/jobs/,200,16,https://bonejoint.applicantpro.com/jobs/4158203,HIM Records Requestor Specialist,,0.67
853,broadbentinc.applicantpro.com,12087,https://broadbentinc.applicantpro.com/core/jobs/12087?getParams=%7B%22isInternal%22%3A0%2C%22showLocation%22%3A1%2C%22showEmploymentType%22%3A1%2C%22showWorkplaceType%22%3A1%2C%22chatToApplyButton%22%3A%220%22%7D,https://broadbentinc.applicantpro.com/jobs/,200,5,https://broadbentinc.applicantpro.com/jobs/4151514,ARCHAEOLOGY FIELD TECHNICIANS,,0.71
859,brooks1st.applicantpro.com,10256,https://brooks1st.applicantpro.com/core/jobs/10256?getParams=%7B%22isInternal%22%3A0%2C%22showLocation%22%3A1%2C%22showEmploymentType%22%3A1%2C%22showWorkplaceType%22%3A1%2C%22chatToApplyButton%22%3A%220%22%7D,https://brooks1st.applicantpro.com/jobs/,200,3,https://brooks1st.applicantpro.com/jobs/3974247,Construction Laborers,,0.61
868,bshcinfo.applicantpro.com,5347,https://bshcinfo.applicantpro.com/core/jobs/5347?getParams=%7B%22isInternal%22%3A0%2C%22showLocation%22%3A1%2C%22showEmploymentType%22%3A1%2C%22showWorkplaceType%22%3A1%2C%22chatToApplyButton%22%3A%220%22%7D,https://bshcinfo.applicantpro.com/jobs/,200,7,https://bshcinfo.applicantpro.com/jobs/3911398,Per Diem AFC Registered Nurse,,0.58
870,bsnb.applicantpro.com,3253,https://bsnb.applicantpro.com/core/jobs/3253?getParams=%7B%22isInternal%22%3A0%2C%22showLocation%22%3A1%2C%22showEmploymentType%22%3A1%2C%22showWorkplaceType%22%3A1%2C%22chatToApplyButton%22%3A%220%22%7D,https://bsnb.applicantpro.com/jobs/,200,12,https://bsnb.applicantpro.com/jobs/4163343,Credit Analyst,,0.65
913,cadre.applicantpro.com,16057,https://cadre.applicantpro.com/core/jobs/16057?getParams=%7B%22isInternal%22%3A0%2C%22showLocation%22%3A1%2C%22showEmploymentType%22%3A1%2C%22showWorkplaceType%22%3A1%2C%22chatToApplyButton%22%3A%220%22%7D,https://cadre.applicantpro.com/jobs/,200,19,https://cadre.applicantpro.com/jobs/4151841,Accountant - Active Security Clearance,,0.62
943,caosmd.applicantpro.com,6847,https://caosmd.applicantpro.com/core/jobs/6847?getParams=%7B%22isInternal%22%3A0%2C%22showLocation%22%3A1%2C%22showEmploymentType%22%3A1%2C%22showWorkplaceType%22%3A1%2C%22chatToApplyButton%22%3A%220%22%7D,https://caosmd.applicantpro.com/jobs/,200,13,https://caosmd.applicantpro.com/jobs/4165167,Executive Assistant,,0.48
960,careadvantagecorporaterecruiting.applicantpro.com,9846,https://careadvantagecorporaterecruiting.applicantpro.com/core/jobs/9846?getParams=%7B%22isInternal%22%3A0%2C%22showLocation%22%3A1%2C%22showEmploymentType%22%3A1%2C%22showWorkplaceType%22%3A1%2C%22chatToApplyButton%22%3A%220%22%7D,https://careadvantagecorporaterecruiting.applicantpro.com/jobs/,200,25,https://careadvantagecorporaterecruiting.applicantpro.com/jobs/4145127,Accounts Receivable & Collections Specialist - Home Care,,0.63
2120,carnow.applicantpro.com,19444,https://carnow.applicantpro.com/core/jobs/19444?getParams=%7B%22isInternal%22%3A0%2C%22showLocation%22%3A1%2C%22showEmploymentType%22%3A1%2C%22showWorkplaceType%22%3A1%2C%22chatToApplyButton%22%3A%220%22%7D,https://carnow.applicantpro.com/jobs/,200,23,https://carnow.applicantpro.com/jobs/4111889,Account Manager,,0.64
2131,carthage.applicantpro.com,4944,https://carthage.applicantpro.com/core/jobs/4944?getParams=%7B%22isInternal%22%3A0%2C%22showLocation%22%3A1%2C%22showEmploymentType%22%3A1%2C%22showWorkplaceType%22%3A1%2C%22chatToApplyButton%22%3A%220%22%7D,https://carthage.applicantpro.com/jobs/,200,19,https://carthage.applicantpro.com/jobs/4088153,"Adjunct Assistant Professor, Art and Design",,0.65
2139,castlebiosciences.applicantpro.com,11474,https://castlebiosciences.applicantpro.com/core/jobs/11474?getParams=%7B%22isInternal%22%3A0%2C%22showLocation%22%3A1%2C%22showEmploymentType%22%3A1%2C%22showWorkplaceType%22%3A1%2C%22chatToApplyButton%22%3A%220%22%7D,https://castlebiosciences.applicantpro.com/jobs/,200,11,https://castlebiosciences.applicantpro.com/jobs/4057633,R&amp;D Data Analyst,,0.61
2147,cavinessbeef.applicantpro.com,14230,https://cavinessbeef.applicantpro.com/core/jobs/14230?getParams=%7B%22isInternal%22%3A0%2C%22showLocation%22%3A1%2C%22showEmploymentType%22%3A1%2C%22showWorkplaceType%22%3A1%2C%22chatToApplyButton%22%3A%220%22%7D,https://cavinessbeef.applicantpro.com/jobs/,200,14,https://cavinessbeef.applicantpro.com/jobs/4056373,CDL Driver - Amarillo Ground Beef,,0.50
2149,cayugahealthsystem.applicantpro.com,17888,https://cayugahealthsystem.applicantpro.com/core/jobs/17888?getParams=%7B%22isInternal%22%3A0%2C%22showLocation%22%3A1%2C%22showEmploymentType%22%3A1%2C%22showWorkplaceType%22%3A1%2C%22chatToApplyButton%22%3A%220%22%7D,https://cayugahealthsystem.applicantpro.com/jobs/,200,300,https://cayugahealthsystem.applicantpro.com/jobs/4119105,Accountant,,0.80
2261,christensenfarms.applicantpro.com,2555,https://christensenfarms.applicantpro.com/core/jobs/2555?getParams=%7B%22isInternal%22%3A0%2C%22showLocation%22%3A1%2C%22showEmploymentType%22%3A1%2C%22showWorkplaceType%22%3A1%2C%22chatToApplyButton%22%3A%220%22%7D,https://christensenfarms.applicantpro.com/jobs/,200,55,https://christensenfarms.applicantpro.com/jobs/4002948,"Animal Care Technician - Atkinson, NE",,0.61
2280,ciphertechsolutions.applicantpro.com,1978,https://ciphertechsolutions.applicantpro.com/core/jobs/1978?getParams=%7B%22isInternal%22%3A0%2C%22showLocation%22%3A1%2C%22showEmploymentType%22%3A1%2C%22showWorkplaceType%22%3A1%2C%22chatToApplyButton%22%3A%220%22%7D,https://ciphertechsolutions.applicantpro.com/jobs/,200,14,https://ciphertechsolutions.applicantpro.com/jobs/4094053,Forensic Software Developer/Reverse Engineer: All Levels [OCONUS Deployable] – FUTURE NEED  ,,0.64
2294,cityautomurfreesboro.applicantpro.com,19552,https://cityautomurfreesboro.applicantpro.com/core/jobs/19552?getParams=%7B%22isInternal%22%3A0%2C%22showLocation%22%3A1%2C%22showEmploymentType%22%3A1%2C%22showWorkplaceType%22%3A1%2C%22chatToApplyButton%22%3A%220%22%7D,https://cityautomurfreesboro.applicantpro.com/jobs/,200,4,https://cityautomurfreesboro.applicantpro.com/jobs/4081370,Automotive  Sales Representative,,0.57
2300,cityofbrenham.applicantpro.com,426,https://cityofbrenham.applicantpro.com/core/jobs/426?getParams=%7B%22isInternal%22%3A0%2C%22showLocation%22%3A1%2C%22showEmploymentType%22%3A1%2C%22showWorkplaceType%22%3A1%2C%22chatToApplyButton%22%3A%220%22%7D,https://cityofbrenham.applicantpro.com/jobs/,200,9,https://cityofbrenham.applicantpro.com/jobs/4047422,Apprentice Lineworker I - EAL/EAL1,,0.54
2301,cityofcharleston.applicantpro.com,4076,https://cityofcharleston.applicantpro.com/core/jobs/4076?getParams=%7B%22isInternal%22%3A0%2C%22showLocation%22%3A1%2C%22showEmploymentType%22%3A1%2C%22showWorkplaceType%22%3A1%2C%22chatToApplyButton%22%3A%220%22%7D,https://cityofcharleston.applicantpro.com/jobs/,200,4,https://cityofcharleston.applicantpro.com/jobs/4161348,Constituent Services Assistant - Part time,,0.61
2306,cityofhomerak.applicantpro.com,1852,https://cityofhomerak.applicantpro.com/core/jobs/1852?getParams=%7B%22isInternal%22%3A0%2C%22showLocation%22%3A1%2C%22showEmploymentType%22%3A1%2C%22showWorkplaceType%22%3A1%2C%22chatToApplyButton%22%3A%220%22%7D,https://cityofhomerak.applicantpro.com/jobs/,200,7,https://cityofhomerak.applicantpro.com/jobs/4095865,Community Jail Officer I or II,,0.59
2312,ciwatertownwi.applicantpro.com,11208,https://ciwatertownwi.applicantpro.com/core/jobs/11208?getParams=%7B%22isInternal%22%3A0%2C%22showLocation%22%3A1%2C%22showEmploymentType%22%3A1%2C%22showWorkplaceType%22%3A1%2C%22chatToApplyButton%22%3A%220%22%7D,https://ciwatertownwi.applicantpro.com/jobs/,200,7,https://ciwatertownwi.applicantpro.com/jobs/4154228,Crossing Guard-Part Time,,0.61
2357,cmcs.applicantpro.com,15770,https://cmcs.applicantpro.com/core/jobs/15770?getParams=%7B%22isInternal%22%3A0%2C%22showLocation%22%3A1%2C%22showEmploymentType%22%3A1%2C%22showWorkplaceType%22%3A1%2C%22chatToApplyButton%22%3A%220%22%7D,https://cmcs.applicantpro.com/jobs/,200,33,https://cmcs.applicantpro.com/jobs/4139524,Assistant Teacher,,0.67
2385,coilcraft.applicantpro.com,2003,https://coilcraft.applicantpro.com/core/jobs/2003?getParams=%7B%22isInternal%22%3A0%2C%22showLocation%22%3A1%2C%22showEmploymentType%22%3A1%2C%22showWorkplaceType%22%3A1%2C%22chatToApplyButton%22%3A%220%22%7D,https://coilcraft.applicantpro.com/jobs/,200,40,https://coilcraft.applicantpro.com/jobs/4083946,Accounts Receivable Associate,,0.64
2412,comanco.applicantpro.com,3590,https://comanco.applicantpro.com/core/jobs/3590?getParams=%7B%22isInternal%22%3A0%2C%22showLocation%22%3A1%2C%22showEmploymentType%22%3A1%2C%22showWorkplaceType%22%3A1%2C%22chatToApplyButton%22%3A%220%22%7D,https://comanco.applicantpro.com/jobs/,200,18,https://comanco.applicantpro.com/jobs/3176778,Application for Future Consideration,,0.54
2419,commercialtoolgroup.applicantpro.com,11083,https://commercialtoolgroup.applicantpro.com/core/jobs/11083?getParams=%7B%22isInternal%22%3A0%2C%22showLocation%22%3A1%2C%22showEmploymentType%22%3A1%2C%22showWorkplaceType%22%3A1%2C%22chatToApplyButton%22%3A%220%22%7D,https://commercialtoolgroup.applicantpro.com/jobs/,200,16,https://commercialtoolgroup.applicantpro.com/jobs/1435314,**General Application**,,0.59
2437,complyauto.applicantpro.com,17124,https://complyauto.applicantpro.com/core/jobs/17124?getParams=%7B%22isInternal%22%3A0%2C%22showLocation%22%3A1%2C%22showEmploymentType%22%3A1%2C%22showWorkplaceType%22%3A1%2C%22chatToApplyButton%22%3A%220%22%7D,https://complyauto.applicantpro.com/jobs/,200,1,https://complyauto.applicantpro.com/jobs/4154323,Safety Specialist,,0.68
2441,comsonics.applicantpro.com,5232,https://comsonics.applicantpro.com/core/jobs/5232?getParams=%7B%22isInternal%22%3A0%2C%22showLocation%22%3A1%2C%22showEmploymentType%22%3A1%2C%22showWorkplaceType%22%3A1%2C%22chatToApplyButton%22%3A%220%22%7D,https://comsonics.applicantpro.com/jobs/,200,10,https://comsonics.applicantpro.com/jobs/4116333,Assembler,,0.64
2463,constructionrobots.applicantpro.com,7578,https://constructionrobots.applicantpro.com/core/jobs/7578?getParams=%7B%22isInternal%22%3A0%2C%22showLocation%22%3A1%2C%22showEmploymentType%22%3A1%2C%22showWorkplaceType%22%3A1%2C%22chatToApplyButton%22%3A%220%22%7D,https://constructionrobots.applicantpro.com/jobs/,200,2,https://constructionrobots.applicantpro.com/jobs/3813171,Mechanical Engineer,,0.53
2512,cota.applicantpro.com,4842,https://cota.applicantpro.com/core/jobs/4842?getParams=%7B%22isInternal%22%3A0%2C%22showLocation%22%3A1%2C%22showEmploymentType%22%3A1%2C%22showWorkplaceType%22%3A1%2C%22chatToApplyButton%22%3A%220%22%7D,https://cota.applicantpro.com/jobs/,200,8,https://cota.applicantpro.com/jobs/4143840,Bus Operator,,0.64
2553,criticalsolutionsit.applicantpro.com,9593,https://criticalsolutionsit.applicantpro.com/core/jobs/9593?getParams=%7B%22isInternal%22%3A0%2C%22showLocation%22%3A1%2C%22showEmploymentType%22%3A1%2C%22showWorkplaceType%22%3A1%2C%22chatToApplyButton%22%3A%220%22%7D,https://criticalsolutionsit.applicantpro.com/jobs/,200,4,https://criticalsolutionsit.applicantpro.com/jobs/4140169,Insider Threat Program Hunt Team Analyst (w/ active TS/SCI),,0.58
2574,csengineering.applicantpro.com,16002,https://csengineering.applicantpro.com/core/jobs/16002?getParams=%7B%22isInternal%22%3A0%2C%22showLocation%22%3A1%2C%22showEmploymentType%22%3A1%2C%22showWorkplaceType%22%3A1%2C%22chatToApplyButton%22%3A%220%22%7D,https://csengineering.applicantpro.com/jobs/,200,15,https://csengineering.applicantpro.com/jobs/4084796,Business Process Subject Matter Specialist (SAFe Business Coach),,0.54
2602,cuchicago.applicantpro.com,3024,https://cuchicago.applicantpro.com/core/jobs/3024?getParams=%7B%22isInternal%22%3A0%2C%22showLocation%22%3A1%2C%22showEmploymentType%22%3A1%2C%22showWorkplaceType%22%3A1%2C%22chatToApplyButton%22%3A%220%22%7D,https://cuchicago.applicantpro.com/jobs/,200,15,https://cuchicago.applicantpro.com/jobs/3959482,Academic Support Coordinator,,0.64
2603,cuisinesolutionsandegs.applicantpro.com,11857,https://cuisinesolutionsandegs.applicantpro.com/core/jobs/11857?getParams=%7B%22isInternal%22%3A0%2C%22showLocation%22%3A1%2C%22showEmploymentType%22%3A1%2C%22showWorkplaceType%22%3A1%2C%22chatToApplyButton%22%3A%220%22%7D,https://cuisinesolutionsandegs.applicantpro.com/jobs/,200,12,https://cuisinesolutionsandegs.applicantpro.com/jobs/4019885,Ammonia Refrigeration Technician-San Antonio,,0.61
2619,cwcapital.applicantpro.com,18549,https://cwcapital.applicantpro.com/core/jobs/18549?getParams=%7B%22isInternal%22%3A0%2C%22showLocation%22%3A1%2C%22showEmploymentType%22%3A1%2C%22showWorkplaceType%22%3A1%2C%22chatToApplyButton%22%3A%220%22%7D,https://cwcapital.applicantpro.com/jobs/,200,4,https://cwcapital.applicantpro.com/jobs/4160456,Asset Management Analyst,,0.61
2637,daemen.applicantpro.com,1013,https://daemen.applicantpro.com/core/jobs/1013?getParams=%7B%22isInternal%22%3A0%2C%22showLocation%22%3A1%2C%22showEmploymentType%22%3A1%2C%22showWorkplaceType%22%3A1%2C%22chatToApplyButton%22%3A%220%22%7D,https://daemen.applicantpro.com/jobs/,200,48,https://daemen.applicantpro.com/jobs/2852756,1st Shift Housekeeping,,0.66
2653,darlingii.applicantpro.com,9106,https://darlingii.applicantpro.com/core/jobs/9106?getParams=%7B%22isInternal%22%3A0%2C%22showLocation%22%3A1%2C%22showEmploymentType%22%3A1%2C%22showWorkplaceType%22%3A1%2C%22chatToApplyButton%22%3A%220%22%7D,https://darlingii.applicantpro.com/jobs/,200,199,https://darlingii.applicantpro.com/jobs/4147697,1st shift Laborer Skid Loader/Shag Operator,,1.12
2669,davidsontech.applicantpro.com,18222,https://davidsontech.applicantpro.com/core/jobs/18222?getParams=%7B%22isInternal%22%3A0%2C%22showLocation%22%3A1%2C%22showEmploymentType%22%3A1%2C%22showWorkplaceType%22%3A1%2C%22chatToApplyButton%22%3A%220%22%7D,https://davidsontech.applicantpro.com/jobs/,200,32,https://davidsontech.applicantpro.com/jobs/4150662,"Algorithms Analysis Engineer - Boulder, Colorado",,0.67
2691,decibelresearch.applicantpro.com,10639,https://decibelresearch.applicantpro.com/core/jobs/10639?getParams=%7B%22isInternal%22%3A0%2C%22showLocation%22%3A1%2C%22showEmploymentType%22%3A1%2C%22showWorkplaceType%22%3A1%2C%22chatToApplyButton%22%3A%220%22%7D,https://decibelresearch.applicantpro.com/jobs/,200,33,https://decibelresearch.applicantpro.com/jobs/4139530,Automation Engineer: HSV-26120,,0.64
2700,deepsightinc.applicantpro.com,11984,https://deepsightinc.applicantpro.com/core/jobs/11984?getParams=%7B%22isInternal%22%3A0%2C%22showLocation%22%3A1%2C%22showEmploymentType%22%3A1%2C%22showWorkplaceType%22%3A1%2C%22chatToApplyButton%22%3A%220%22%7D,https://deepsightinc.applicantpro.com/jobs/,200,13,https://deepsightinc.applicantpro.com/jobs/4130011,(St. Louis) Optical Fab Tech,,0.63
2704,deftec.applicantpro.com,11226,https://deftec.applicantpro.com/core/jobs/11226?getParams=%7B%22isInternal%22%3A0%2C%22showLocation%22%3A1%2C%22showEmploymentType%22%3A1%2C%22showWorkplaceType%22%3A1%2C%22chatToApplyButton%22%3A%220%22%7D,https://deftec.applicantpro.com/jobs/,200,12,https://deftec.applicantpro.com/jobs/4161942,Construction and Renovation Project Manager,,0.56
2708,delawarecoop.applicantpro.com,13502,https://delawarecoop.applicantpro.com/core/jobs/13502?getParams=%7B%22isInternal%22%3A0%2C%22showLocation%22%3A1%2C%22showEmploymentType%22%3A1%2C%22showWorkplaceType%22%3A1%2C%22chatToApplyButton%22%3A%220%22%7D,https://delawarecoop.applicantpro.com/jobs/,200,2,https://delawarecoop.applicantpro.com/jobs/4143017,Journeyman Lineworker,,0.98
2725,deseresearch.applicantpro.com,7294,https://deseresearch.applicantpro.com/core/jobs/7294?getParams=%7B%22isInternal%22%3A0%2C%22showLocation%22%3A1%2C%22showEmploymentType%22%3A1%2C%22showWorkplaceType%22%3A1%2C%22chatToApplyButton%22%3A%220%22%7D,https://deseresearch.applicantpro.com/jobs/,200,11,https://deseresearch.applicantpro.com/jobs/4142265,DevSecOps Engineer,,1.46
2738,dfc.applicantpro.com,966,https://dfc.applicantpro.com/core/jobs/966?getParams=%7B%22isInternal%22%3A0%2C%22showLocation%22%3A1%2C%22showEmploymentType%22%3A1%2C%22showWorkplaceType%22%3A1%2C%22chatToApplyButton%22%3A%220%22%7D,https://dfc.applicantpro.com/jobs/,200,8,https://dfc.applicantpro.com/jobs/4115561,Health Policy Implementation Analyst I,,1.40
2751,digitaloptometrics.applicantpro.com,10005,https://digitaloptometrics.applicantpro.com/core/jobs/10005?getParams=%7B%22isInternal%22%3A0%2C%22showLocation%22%3A1%2C%22showEmploymentType%22%3A1%2C%22showWorkplaceType%22%3A1%2C%22chatToApplyButton%22%3A%220%22%7D,https://digitaloptometrics.applicantpro.com/jobs/,200,35,https://digitaloptometrics.applicantpro.com/jobs/4164809,Doctor of Optometry - Work Remotely -  New Mexico Licensed,,0.83
2765,discovergoodwill.applicantpro.com,2224,https://discovergoodwill.applicantpro.com/core/jobs/2224?getParams=%7B%22isInternal%22%3A0%2C%22showLocation%22%3A1%2C%22showEmploymentType%22%3A1%2C%22showWorkplaceType%22%3A1%2C%22chatToApplyButton%22%3A%220%22%7D,https://discovergoodwill.applicantpro.com/jobs/,200,49,https://discovergoodwill.applicantpro.com/jobs/4165104,"Cashier I - (N Nevada) Spokane, WA - Full &/or Part-time/Hourly",,1.39
2772,dixietech.applicantpro.com,14951,https://dixietech.applicantpro.com/core/jobs/14951?getParams=%7B%22isInternal%22%3A0%2C%22showLocation%22%3A1%2C%22showEmploymentType%22%3A1%2C%22showWorkplaceType%22%3A1%2C%22chatToApplyButton%22%3A%220%22%7D,https://dixietech.applicantpro.com/jobs/,200,19,https://dixietech.applicantpro.com/jobs/4107441,Adjunct Instructor - Practical Nursing (Clinical Supervision),,1.38
2816,dtb.applicantpro.com,11109,https://dtb.applicantpro.com/core/jobs/11109?getParams=%7B%22isInternal%22%3A0%2C%22showLocation%22%3A1%2C%22showEmploymentType%22%3A1%2C%22showWorkplaceType%22%3A1%2C%22chatToApplyButton%22%3A%220%22%7D,https://dtb.applicantpro.com/jobs/,200,20,https://dtb.applicantpro.com/jobs/4040712,Business Development Manager  Testing &amp; Engineering Solution Sales,,1.28
2855,ebaengineering.applicantpro.com,3317,https://ebaengineering.applicantpro.com/core/jobs/3317?getParams=%7B%22isInternal%22%3A0%2C%22showLocation%22%3A1%2C%22showEmploymentType%22%3A1%2C%22showWorkplaceType%22%3A1%2C%22chatToApplyButton%22%3A%220%22%7D,https://ebaengineering.applicantpro.com/jobs/,200,4,https://ebaengineering.applicantpro.com/jobs/4142416,Billing Specialist (Engineering Projects),,1.14
2877,echeloncyber.applicantpro.com,18486,https://echeloncyber.applicantpro.com/core/jobs/18486?getParams=%7B%22isInternal%22%3A0%2C%22showLocation%22%3A1%2C%22showEmploymentType%22%3A1%2C%22showWorkplaceType%22%3A1%2C%22chatToApplyButton%22%3A%220%22%7D,https://echeloncyber.applicantpro.com/jobs/,200,5,https://echeloncyber.applicantpro.com/jobs/4150268,Associate Graphic Designer (UI/UX Experience) - Remote (Mexico),,0.82
2921,eecweathertech.applicantpro.com,11999,https://eecweathertech.applicantpro.com/core/jobs/11999?getParams=%7B%22isInternal%22%3A0%2C%22showLocation%22%3A1%2C%22showEmploymentType%22%3A1%2C%22showWorkplaceType%22%3A1%2C%22chatToApplyButton%22%3A%220%22%7D,https://eecweathertech.applicantpro.com/jobs/,200,2,https://eecweathertech.applicantpro.com/jobs/4148888,Electromechanical Technician,,0.76
3070,enabledintelligence.applicantpro.com,11848,https://enabledintelligence.applicantpro.com/core/jobs/11848?getParams=%7B%22isInternal%22%3A0%2C%22showLocation%22%3A1%2C%22showEmploymentType%22%3A1%2C%22showWorkplaceType%22%3A1%2C%22chatToApplyButton%22%3A%220%22%7D,https://enabledintelligence.applicantpro.com/jobs/,200,6,https://enabledintelligence.applicantpro.com/jobs/3863210,Classified Infrastructure Systems Engineer,,0.66
3084,engenixinc.applicantpro.com,16383,https://engenixinc.applicantpro.com/core/jobs/16383?getParams=%7B%22isInternal%22%3A0%2C%22showLocation%22%3A1%2C%22showEmploymentType%22%3A1%2C%22showWorkplaceType%22%3A1%2C%22chatToApplyButton%22%3A%220%22%7D,https://engenixinc.applicantpro.com/jobs/,200,1,https://engenixinc.applicantpro.com/jobs/2919350,General Application,,1.37
3112,eosdsusa.applicantpro.com,11381,https://eosdsusa.applicantpro.com/core/jobs/11381?getParams=%7B%22isInternal%22%3A0%2C%22showLocation%22%3A1%2C%22showEmploymentType%22%3A1%2C%22showWorkplaceType%22%3A1%2C%22chatToApplyButton%22%3A%220%22%7D,https://eosdsusa.applicantpro.com/jobs/,200,6,https://eosdsusa.applicantpro.com/jobs/4110305,Accountant,,1.32
3141,ergon.applicantpro.com,13143,https://ergon.applicantpro.com/core/jobs/13143?getParams=%7B%22isInternal%22%3A0%2C%22showLocation%22%3A1%2C%22showEmploymentType%22%3A1%2C%22showWorkplaceType%22%3A1%2C%22chatToApplyButton%22%3A%220%22%7D,https://ergon.applicantpro.com/jobs/,200,24,https://ergon.applicantpro.com/jobs/4150788, Butcher,,1.79
3142,ergoncareers.applicantpro.com,11209,https://ergoncareers.applicantpro.com/core/jobs/11209?getParams=%7B%22isInternal%22%3A0%2C%22showLocation%22%3A1%2C%22showEmploymentType%22%3A1%2C%22showWorkplaceType%22%3A1%2C%22chatToApplyButton%22%3A%220%22%7D,https://ergoncareers.applicantpro.com/jobs/,200,47,https://ergoncareers.applicantpro.com/jobs/4105110,Asphalt Distributor Driver,,1.32
3164,esncc.applicantpro.com,6852,https://esncc.applicantpro.com/core/jobs/6852?getParams=%7B%22isInternal%22%3A0%2C%22showLocation%22%3A1%2C%22showEmploymentType%22%3A1%2C%22showWorkplaceType%22%3A1%2C%22chatToApplyButton%22%3A%220%22%7D,https://esncc.applicantpro.com/jobs/,200,9,https://esncc.applicantpro.com/jobs/4126326,Combat System Maintenance Coordinator,,1.74
3205,evolverinc.applicantpro.com,17509,https://evolverinc.applicantpro.com/core/jobs/17509?getParams=%7B%22isInternal%22%3A0%2C%22showLocation%22%3A1%2C%22showEmploymentType%22%3A1%2C%22showWorkplaceType%22%3A1%2C%22chatToApplyButton%22%3A%220%22%7D,https://evolverinc.applicantpro.com/jobs/,200,20,https://evolverinc.applicantpro.com/jobs/4142011,DC3 CIO Services Task Lead ,,1.27
3432,firstchicagoinsurance.applicantpro.com,7778,https://firstchicagoinsurance.applicantpro.com/core/jobs/7778?getParams=%7B%22isInternal%22%3A0%2C%22showLocation%22%3A1%2C%22showEmploymentType%22%3A1%2C%22showWorkplaceType%22%3A1%2C%22chatToApplyButton%22%3A%220%22%7D,https://firstchicagoinsurance.applicantpro.com/jobs/,200,58,https://firstchicagoinsurance.applicantpro.com/jobs/4159392,Auto Casualty Claims Specialist,,1.30
3434,firstonsiteus.applicantpro.com,2789,https://firstonsiteus.applicantpro.com/core/jobs/2789?getParams=%7B%22isInternal%22%3A0%2C%22showLocation%22%3A1%2C%22showEmploymentType%22%3A1%2C%22showWorkplaceType%22%3A1%2C%22chatToApplyButton%22%3A%220%22%7D,https://firstonsiteus.applicantpro.com/jobs/,200,123,https://firstonsiteus.applicantpro.com/jobs/3219842,** General Application - Branch Field Operations Opportunities **,,1.30
3441,fisher.applicantpro.com,1744,https://fisher.applicantpro.com/core/jobs/1744?getParams=%7B%22isInternal%22%3A0%2C%22showLocation%22%3A1%2C%22showEmploymentType%22%3A1%2C%22showWorkplaceType%22%3A1%2C%22chatToApplyButton%22%3A%220%22%7D,https://fisher.applicantpro.com/jobs/,200,77,https://fisher.applicantpro.com/jobs/4157179,Aggregate Tester,,1.34
3445,fivesgroup.applicantpro.com,17752,https://fivesgroup.applicantpro.com/core/jobs/17752?getParams=%7B%22isInternal%22%3A0%2C%22showLocation%22%3A1%2C%22showEmploymentType%22%3A1%2C%22showWorkplaceType%22%3A1%2C%22chatToApplyButton%22%3A%220%22%7D,https://fivesgroup.applicantpro.com/jobs/,200,78,https://fivesgroup.applicantpro.com/jobs/4032777, Estimator,,1.66
3486,fortunabmc.applicantpro.com,15969,https://fortunabmc.applicantpro.com/core/jobs/15969?getParams=%7B%22isInternal%22%3A0%2C%22showLocation%22%3A1%2C%22showEmploymentType%22%3A1%2C%22showWorkplaceType%22%3A1%2C%22chatToApplyButton%22%3A%220%22%7D,https://fortunabmc.applicantpro.com/jobs/,200,13,https://fortunabmc.applicantpro.com/jobs/4138872,Director of Strategic Capture and Proposal Management,,0.79
3521,friedmanvartolo.applicantpro.com,8531,https://friedmanvartolo.applicantpro.com/core/jobs/8531?getParams=%7B%22isInternal%22%3A0%2C%22showLocation%22%3A1%2C%22showEmploymentType%22%3A1%2C%22showWorkplaceType%22%3A1%2C%22chatToApplyButton%22%3A%220%22%7D,https://friedmanvartolo.applicantpro.com/jobs/,200,13,https://friedmanvartolo.applicantpro.com/jobs/4163691,Administrative Assistant - Garden City,,0.66
3595,geneseecountymi.applicantpro.com,18276,https://geneseecountymi.applicantpro.com/core/jobs/18276?getParams=%7B%22isInternal%22%3A0%2C%22showLocation%22%3A1%2C%22showEmploymentType%22%3A1%2C%22showWorkplaceType%22%3A1%2C%22chatToApplyButton%22%3A%220%22%7D,https://geneseecountymi.applicantpro.com/jobs/,200,17,https://geneseecountymi.applicantpro.com/jobs/4162563,"APA TRAINEE, ASSOCIATE, LEAD OR SENIOR ASSISTANT PROSECUTING ATTORNEY (PROSECUTOR'S OFFICE)",,0.76
3621,gettle.applicantpro.com,19648,https://gettle.applicantpro.com/core/jobs/19648?getParams=%7B%22isInternal%22%3A0%2C%22showLocation%22%3A1%2C%22showEmploymentType%22%3A1%2C%22showWorkplaceType%22%3A1%2C%22chatToApplyButton%22%3A%220%22%7D,https://gettle.applicantpro.com/jobs/,200,7,https://gettle.applicantpro.com/jobs/4163401,Electrical Estimator,,0.65
3654,globalfirstflagship.applicantpro.com,18216,https://globalfirstflagship.applicantpro.com/core/jobs/18216?getParams=%7B%22isInternal%22%3A0%2C%22showLocation%22%3A1%2C%22showEmploymentType%22%3A1%2C%22showWorkplaceType%22%3A1%2C%22chatToApplyButton%22%3A%220%22%7D,https://globalfirstflagship.applicantpro.com/jobs/,200,25,https://globalfirstflagship.applicantpro.com/jobs/4041451,Electrician I,,0.70
3657,globalinformation.applicantpro.com,2445,https://globalinformation.applicantpro.com/core/jobs/2445?getParams=%7B%22isInternal%22%3A0%2C%22showLocation%22%3A1%2C%22showEmploymentType%22%3A1%2C%22showWorkplaceType%22%3A1%2C%22chatToApplyButton%22%3A%220%22%7D,https://globalinformation.applicantpro.com/jobs/,200,52,https://globalinformation.applicantpro.com/jobs/1391765,AWS Instructor,,0.61
3658,globemachine.applicantpro.com,7546,https://globemachine.applicantpro.com/core/jobs/7546?getParams=%7B%22isInternal%22%3A0%2C%22showLocation%22%3A1%2C%22showEmploymentType%22%3A1%2C%22showWorkplaceType%22%3A1%2C%22chatToApplyButton%22%3A%220%22%7D,https://globemachine.applicantpro.com/jobs/,200,10,https://globemachine.applicantpro.com/jobs/4140856,Accounting Specialist,,0.63
3683,goodwillakron.applicantpro.com,1541,https://goodwillakron.applicantpro.com/core/jobs/1541?getParams=%7B%22isInternal%22%3A0%2C%22showLocation%22%3A1%2C%22showEmploymentType%22%3A1%2C%22showWorkplaceType%22%3A1%2C%22chatToApplyButton%22%3A%220%22%7D,https://goodwillakron.applicantpro.com/jobs/,200,19,https://goodwillakron.applicantpro.com/jobs/4163101,Assistant Store Manager,,0.61
3693,gormat.applicantpro.com,16595,https://gormat.applicantpro.com/core/jobs/16595?getParams=%7B%22isInternal%22%3A0%2C%22showLocation%22%3A1%2C%22showEmploymentType%22%3A1%2C%22showWorkplaceType%22%3A1%2C%22chatToApplyButton%22%3A%220%22%7D,https://gormat.applicantpro.com/jobs/,200,20,https://gormat.applicantpro.com/jobs/4105363,AI Engineer - SME,,0.66
3725,greenmountainpower.applicantpro.com,8771,https://greenmountainpower.applicantpro.com/core/jobs/8771?getParams=%7B%22isInternal%22%3A0%2C%22showLocation%22%3A1%2C%22showEmploymentType%22%3A1%2C%22showWorkplaceType%22%3A1%2C%22chatToApplyButton%22%3A%220%22%7D,https://greenmountainpower.applicantpro.com/jobs/,200,9,https://greenmountainpower.applicantpro.com/jobs/4036108,3rd Class through 1st Class Relay Technician in Montpelier,,0.62
3728,greenvillewater.applicantpro.com,2557,https://greenvillewater.applicantpro.com/core/jobs/2557?getParams=%7B%22isInternal%22%3A0%2C%22showLocation%22%3A1%2C%22showEmploymentType%22%3A1%2C%22showWorkplaceType%22%3A1%2C%22chatToApplyButton%22%3A%220%22%7D,https://greenvillewater.applicantpro.com/jobs/,200,6,https://greenvillewater.applicantpro.com/jobs/4135996,Billing Representative (Temp-to-Hire),,0.53
3735,griffonaerospace.applicantpro.com,10693,https://griffonaerospace.applicantpro.com/core/jobs/10693?getParams=%7B%22isInternal%22%3A0%2C%22showLocation%22%3A1%2C%22showEmploymentType%22%3A1%2C%22showWorkplaceType%22%3A1%2C%22chatToApplyButton%22%3A%220%22%7D,https://griffonaerospace.applicantpro.com/jobs/,200,12,https://griffonaerospace.applicantpro.com/jobs/4159053,Electrical Inspector,,0.59
3753,gstinc.applicantpro.com,13027,https://gstinc.applicantpro.com/core/jobs/13027?getParams=%7B%22isInternal%22%3A0%2C%22showLocation%22%3A1%2C%22showEmploymentType%22%3A1%2C%22showWorkplaceType%22%3A1%2C%22chatToApplyButton%22%3A%220%22%7D,https://gstinc.applicantpro.com/jobs/,200,16,https://gstinc.applicantpro.com/jobs/4158550,AV Solutions Architect,,0.65
3756,gtiusa.applicantpro.com,10664,https://gtiusa.applicantpro.com/core/jobs/10664?getParams=%7B%22isInternal%22%3A0%2C%22showLocation%22%3A1%2C%22showEmploymentType%22%3A1%2C%22showWorkplaceType%22%3A1%2C%22chatToApplyButton%22%3A%220%22%7D,https://gtiusa.applicantpro.com/jobs/,200,11,https://gtiusa.applicantpro.com/jobs/4150684,2nd Shift Production Supervisor- Injection Molding,,0.58
3757,gtlakes.applicantpro.com,7884,https://gtlakes.applicantpro.com/core/jobs/7884?getParams=%7B%22isInternal%22%3A0%2C%22showLocation%22%3A1%2C%22showEmploymentType%22%3A1%2C%22showWorkplaceType%22%3A1%2C%22chatToApplyButton%22%3A%220%22%7D,https://gtlakes.applicantpro.com/jobs/,200,9,https://gtlakes.applicantpro.com/jobs/4165181,Business Solutions Specialist,,0.62
3827,hcea.applicantpro.com,5282,https://hcea.applicantpro.com/core/jobs/5282?getParams=%7B%22isInternal%22%3A0%2C%22showLocation%22%3A1%2C%22showEmploymentType%22%3A1%2C%22showWorkplaceType%22%3A1%2C%22chatToApplyButton%22%3A%220%22%7D,https://hcea.applicantpro.com/jobs/,200,68,https://hcea.applicantpro.com/jobs/4147829,"Building Envelope Division Manager - Annapolis Junction, MD",,0.69
3882,healthcareswfl.applicantpro.com,3100,https://healthcareswfl.applicantpro.com/core/jobs/3100?getParams=%7B%22isInternal%22%3A0%2C%22showLocation%22%3A1%2C%22showEmploymentType%22%3A1%2C%22showWorkplaceType%22%3A1%2C%22chatToApplyButton%22%3A%220%22%7D,https://healthcareswfl.applicantpro.com/jobs/,200,69,https://healthcareswfl.applicantpro.com/jobs/4132245,Administrative Medical Assistant,,0.63
3957,homerelectric.applicantpro.com,494,https://homerelectric.applicantpro.com/core/jobs/494?getParams=%7B%22isInternal%22%3A0%2C%22showLocation%22%3A1%2C%22showEmploymentType%22%3A1%2C%22showWorkplaceType%22%3A1%2C%22chatToApplyButton%22%3A%220%22%7D,https://homerelectric.applicantpro.com/jobs/,200,6,https://homerelectric.applicantpro.com/jobs/4152915,Geographic Information System (GIS)/ Engineering Services Representative (ESR) Support Technician,,0.49
3972,housleygroup.applicantpro.com,4961,https://housleygroup.applicantpro.com/core/jobs/4961?getParams=%7B%22isInternal%22%3A0%2C%22showLocation%22%3A1%2C%22showEmploymentType%22%3A1%2C%22showWorkplaceType%22%3A1%2C%22chatToApplyButton%22%3A%220%22%7D,https://housleygroup.applicantpro.com/jobs/,200,34,https://housleygroup.applicantpro.com/jobs/4163186,ADMINISTRATOR for Buried Drop Department Part- Time,,0.58
3997,hudsonalpha.applicantpro.com,76,https://hudsonalpha.applicantpro.com/core/jobs/76?getParams=%7B%22isInternal%22%3A0%2C%22showLocation%22%3A1%2C%22showEmploymentType%22%3A1%2C%22showWorkplaceType%22%3A1%2C%22chatToApplyButton%22%3A%220%22%7D,https://hudsonalpha.applicantpro.com/jobs/,200,5,https://hudsonalpha.applicantpro.com/jobs/4144774,Eurofins - Molecular Technologist (3rd Shift),,0.58
4004,humantouchhomecare.applicantpro.com,17753,https://humantouchhomecare.applicantpro.com/core/jobs/17753?getParams=%7B%22isInternal%22%3A0%2C%22showLocation%22%3A1%2C%22showEmploymentType%22%3A1%2C%22showWorkplaceType%22%3A1%2C%22chatToApplyButton%22%3A%220%22%7D,https://humantouchhomecare.applicantpro.com/jobs/,200,36,https://humantouchhomecare.applicantpro.com/jobs/4164228,"Administrator, Clinical Manager (DON)",,0.59
4021,hyrumcity.applicantpro.com,18298,https://hyrumcity.applicantpro.com/core/jobs/18298?getParams=%7B%22isInternal%22%3A0%2C%22showLocation%22%3A1%2C%22showEmploymentType%22%3A1%2C%22showWorkplaceType%22%3A1%2C%22chatToApplyButton%22%3A%220%22%7D,https://hyrumcity.applicantpro.com/jobs/,200,6,https://hyrumcity.applicantpro.com/jobs/4159738, Crossing Guard,,0.57
4039,ibankpeoples.applicantpro.com,7342,https://ibankpeoples.applicantpro.com/core/jobs/7342?getParams=%7B%22isInternal%22%3A0%2C%22showLocation%22%3A1%2C%22showEmploymentType%22%3A1%2C%22showWorkplaceType%22%3A1%2C%22chatToApplyButton%22%3A%220%22%7D,https://ibankpeoples.applicantpro.com/jobs/,200,10,https://ibankpeoples.applicantpro.com/jobs/4163959,Commercial Lender - Illinois Market,,0.59
4228,invictusic.applicantpro.com,5499,https://invictusic.applicantpro.com/core/jobs/5499?getParams=%7B%22isInternal%22%3A0%2C%22showLocation%22%3A1%2C%22showEmploymentType%22%3A1%2C%22showWorkplaceType%22%3A1%2C%22chatToApplyButton%22%3A%220%22%7D,https://invictusic.applicantpro.com/jobs/,200,34,https://invictusic.applicantpro.com/jobs/4124364,AI Operations & Infrastructure Engineer,,0.65
4270,iu5.applicantpro.com,9244,https://iu5.applicantpro.com/core/jobs/9244?getParams=%7B%22isInternal%22%3A0%2C%22showLocation%22%3A1%2C%22showEmploymentType%22%3A1%2C%22showWorkplaceType%22%3A1%2C%22chatToApplyButton%22%3A%220%22%7D,https://iu5.applicantpro.com/jobs/,200,17,https://iu5.applicantpro.com/jobs/4146175,Adult Education Instructor - Erie Hyflex,,0.65
4291,jbwfederal.applicantpro.com,16867,https://jbwfederal.applicantpro.com/core/jobs/16867?getParams=%7B%22isInternal%22%3A0%2C%22showLocation%22%3A1%2C%22showEmploymentType%22%3A1%2C%22showWorkplaceType%22%3A1%2C%22chatToApplyButton%22%3A%220%22%7D,https://jbwfederal.applicantpro.com/jobs/,200,9,https://jbwfederal.applicantpro.com/jobs/4152693,Accounting Associate,,0.62
4740,johnson.applicantpro.com,18406,https://johnson.applicantpro.com/core/jobs/18406?getParams=%7B%22isInternal%22%3A0%2C%22showLocation%22%3A1%2C%22showEmploymentType%22%3A1%2C%22showWorkplaceType%22%3A1%2C%22chatToApplyButton%22%3A%220%22%7D,https://johnson.applicantpro.com/jobs/,200,3,https://johnson.applicantpro.com/jobs/4103911,Computer-Aided Design (CAD) Instructor,,0.56
4772,jstcorp.applicantpro.com,11649,https://jstcorp.applicantpro.com/core/jobs/11649?getParams=%7B%22isInternal%22%3A0%2C%22showLocation%22%3A1%2C%22showEmploymentType%22%3A1%2C%22showWorkplaceType%22%3A1%2C%22chatToApplyButton%22%3A%220%22%7D,https://jstcorp.applicantpro.com/jobs/,200,18,https://jstcorp.applicantpro.com/jobs/3958635,Capture Manager,,0.64
4773,jteamgroup.applicantpro.com,18416,https://jteamgroup.applicantpro.com/core/jobs/18416?getParams=%7B%22isInternal%22%3A0%2C%22showLocation%22%3A1%2C%22showEmploymentType%22%3A1%2C%22showWorkplaceType%22%3A1%2C%22chatToApplyButton%22%3A%220%22%7D,https://jteamgroup.applicantpro.com/jobs/,200,26,https://jteamgroup.applicantpro.com/jobs/4129161,Accounts Receivable Specialist,,0.47
4793,karmak.applicantpro.com,18440,https://karmak.applicantpro.com/core/jobs/18440?getParams=%7B%22isInternal%22%3A0%2C%22showLocation%22%3A1%2C%22showEmploymentType%22%3A1%2C%22showWorkplaceType%22%3A1%2C%22chatToApplyButton%22%3A%220%22%7D,https://karmak.applicantpro.com/jobs/,200,5,https://karmak.applicantpro.com/jobs/4160154,Associate Customer Support Specialist (Systems),,0.56
4795,kasai.applicantpro.com,1861,https://kasai.applicantpro.com/core/jobs/1861?getParams=%7B%22isInternal%22%3A0%2C%22showLocation%22%3A1%2C%22showEmploymentType%22%3A1%2C%22showWorkplaceType%22%3A1%2C%22chatToApplyButton%22%3A%220%22%7D,https://kasai.applicantpro.com/jobs/,200,31,https://kasai.applicantpro.com/jobs/4084995,2nd Shift- Production Supervisor,,0.62
4819,kenaitze.applicantpro.com,1144,https://kenaitze.applicantpro.com/core/jobs/1144?getParams=%7B%22isInternal%22%3A0%2C%22showLocation%22%3A1%2C%22showEmploymentType%22%3A1%2C%22showWorkplaceType%22%3A1%2C%22chatToApplyButton%22%3A%220%22%7D,https://kenaitze.applicantpro.com/jobs/,200,59,https://kenaitze.applicantpro.com/jobs/4102573,Accreditation and Policy Manager,,0.70
4837,kinaolefoundation.applicantpro.com,12250,https://kinaolefoundation.applicantpro.com/core/jobs/12250?getParams=%7B%22isInternal%22%3A0%2C%22showLocation%22%3A1%2C%22showEmploymentType%22%3A1%2C%22showWorkplaceType%22%3A1%2C%22chatToApplyButton%22%3A%220%22%7D,https://kinaolefoundation.applicantpro.com/jobs/,200,16,https://kinaolefoundation.applicantpro.com/jobs/4053818,AR- AP Accounting Specialist,,0.59
4862,kodatech.applicantpro.com,7269,https://kodatech.applicantpro.com/core/jobs/7269?getParams=%7B%22isInternal%22%3A0%2C%22showLocation%22%3A1%2C%22showEmploymentType%22%3A1%2C%22showWorkplaceType%22%3A1%2C%22chatToApplyButton%22%3A%220%22%7D,https://kodatech.applicantpro.com/jobs/,200,13,https://kodatech.applicantpro.com/jobs/4131171,General Interest Application,,0.65
4899,lakeland.applicantpro.com,4886,https://lakeland.applicantpro.com/core/jobs/4886?getParams=%7B%22isInternal%22%3A0%2C%22showLocation%22%3A1%2C%22showEmploymentType%22%3A1%2C%22showWorkplaceType%22%3A1%2C%22chatToApplyButton%22%3A%220%22%7D,https://lakeland.applicantpro.com/jobs/,200,13,https://lakeland.applicantpro.com/jobs/4094349,Adjunct Instructor - Education - Reading Teaching Face-to-Face,,0.61
4988,litehouseinccareers.applicantpro.com,12106,https://litehouseinccareers.applicantpro.com/core/jobs/12106?getParams=%7B%22isInternal%22%3A0%2C%22showLocation%22%3A1%2C%22showEmploymentType%22%3A1%2C%22showWorkplaceType%22%3A1%2C%22chatToApplyButton%22%3A%220%22%7D,https://litehouseinccareers.applicantpro.com/jobs/,200,13,https://litehouseinccareers.applicantpro.com/jobs/4154370,Driver OTR,,0.64
5002,lnkintl.applicantpro.com,17241,https://lnkintl.applicantpro.com/core/jobs/17241?getParams=%7B%22isInternal%22%3A0%2C%22showLocation%22%3A1%2C%22showEmploymentType%22%3A1%2C%22showWorkplaceType%22%3A1%2C%22chatToApplyButton%22%3A%220%22%7D,https://lnkintl.applicantpro.com/jobs/,200,20,https://lnkintl.applicantpro.com/jobs/4164748,Coating Operator,,0.62
5004,lobelfinancial.applicantpro.com,6537,https://lobelfinancial.applicantpro.com/core/jobs/6537?getParams=%7B%22isInternal%22%3A0%2C%22showLocation%22%3A1%2C%22showEmploymentType%22%3A1%2C%22showWorkplaceType%22%3A1%2C%22chatToApplyButton%22%3A%220%22%7D,https://lobelfinancial.applicantpro.com/jobs/,200,6,https://lobelfinancial.applicantpro.com/jobs/4163052,"Area Sales Manager - Albuquerque, NM",,0.61
5035,lumenis.applicantpro.com,1665,https://lumenis.applicantpro.com/core/jobs/1665?getParams=%7B%22isInternal%22%3A0%2C%22showLocation%22%3A1%2C%22showEmploymentType%22%3A1%2C%22showWorkplaceType%22%3A1%2C%22chatToApplyButton%22%3A%220%22%7D,https://lumenis.applicantpro.com/jobs/,200,12,https://lumenis.applicantpro.com/jobs/4125055,Aesthetic  District Sales Manager -Chicago,,0.60
5051,lwtears.applicantpro.com,2535,https://lwtears.applicantpro.com/core/jobs/2535?getParams=%7B%22isInternal%22%3A0%2C%22showLocation%22%3A1%2C%22showEmploymentType%22%3A1%2C%22showWorkplaceType%22%3A1%2C%22chatToApplyButton%22%3A%220%22%7D,https://lwtears.applicantpro.com/jobs/,200,2,https://lwtears.applicantpro.com/jobs/4151442,Controller,,0.59
5067,mactac.applicantpro.com,11179,https://mactac.applicantpro.com/core/jobs/11179?getParams=%7B%22isInternal%22%3A0%2C%22showLocation%22%3A1%2C%22showEmploymentType%22%3A1%2C%22showWorkplaceType%22%3A1%2C%22chatToApplyButton%22%3A%220%22%7D,https://mactac.applicantpro.com/jobs/,200,45,https://mactac.applicantpro.com/jobs/4106024, Machine Operator - 2nd shift,,0.58
5119,martinfed.applicantpro.com,11442,https://martinfed.applicantpro.com/core/jobs/11442?getParams=%7B%22isInternal%22%3A0%2C%22showLocation%22%3A1%2C%22showEmploymentType%22%3A1%2C%22showWorkplaceType%22%3A1%2C%22chatToApplyButton%22%3A%220%22%7D,https://martinfed.applicantpro.com/jobs/,200,9,https://martinfed.applicantpro.com/jobs/4121759,Exploitation Engineer Lead IV,,0.56
5139,matric.applicantpro.com,3558,https://matric.applicantpro.com/core/jobs/3558?getParams=%7B%22isInternal%22%3A0%2C%22showLocation%22%3A1%2C%22showEmploymentType%22%3A1%2C%22showWorkplaceType%22%3A1%2C%22chatToApplyButton%22%3A%220%22%7D,https://matric.applicantpro.com/jobs/,200,8,https://matric.applicantpro.com/jobs/4158380,Accounts Manager (Entry Level),,0.50
5154,mbsolutionsinc.applicantpro.com,5384,https://mbsolutionsinc.applicantpro.com/core/jobs/5384?getParams=%7B%22isInternal%22%3A0%2C%22showLocation%22%3A1%2C%22showEmploymentType%22%3A1%2C%22showWorkplaceType%22%3A1%2C%22chatToApplyButton%22%3A%220%22%7D,https://mbsolutionsinc.applicantpro.com/jobs/,200,76,https://mbsolutionsinc.applicantpro.com/jobs/3859788,Acquisition Intelligence Program Support Analyst,,0.69
5247,midwestvision.applicantpro.com,18414,https://midwestvision.applicantpro.com/core/jobs/18414?getParams=%7B%22isInternal%22%3A0%2C%22showLocation%22%3A1%2C%22showEmploymentType%22%3A1%2C%22showWorkplaceType%22%3A1%2C%22chatToApplyButton%22%3A%220%22%7D,https://midwestvision.applicantpro.com/jobs/,200,44,https://midwestvision.applicantpro.com/jobs/4158534,Call Center Representative,,0.58
5266,missiondrivenresearch.applicantpro.com,18894,https://missiondrivenresearch.applicantpro.com/core/jobs/18894?getParams=%7B%22isInternal%22%3A0%2C%22showLocation%22%3A1%2C%22showEmploymentType%22%3A1%2C%22showWorkplaceType%22%3A1%2C%22chatToApplyButton%22%3A%220%22%7D,https://missiondrivenresearch.applicantpro.com/jobs/,200,23,https://missiondrivenresearch.applicantpro.com/jobs/4164115,C3BM Principal Integration Analyst (MDA - COS),,0.61
5267,missionintel.applicantpro.com,11021,https://missionintel.applicantpro.com/core/jobs/11021?getParams=%7B%22isInternal%22%3A0%2C%22showLocation%22%3A1%2C%22showEmploymentType%22%3A1%2C%22showWorkplaceType%22%3A1%2C%22chatToApplyButton%22%3A%220%22%7D,https://missionintel.applicantpro.com/jobs/,200,4,https://missionintel.applicantpro.com/jobs/4079629,GEOINT Standards Developer – Imagery Standards (Senior Level),,0.63
5268,missionmultiplier.applicantpro.com,16013,https://missionmultiplier.applicantpro.com/core/jobs/16013?getParams=%7B%22isInternal%22%3A0%2C%22showLocation%22%3A1%2C%22showEmploymentType%22%3A1%2C%22showWorkplaceType%22%3A1%2C%22chatToApplyButton%22%3A%220%22%7D,https://missionmultiplier.applicantpro.com/jobs/,200,6,https://missionmultiplier.applicantpro.com/jobs/4148044,"Cloud Developer, Mid",,0.63
5292,modernlitho.applicantpro.com,17516,https://modernlitho.applicantpro.com/core/jobs/17516?getParams=%7B%22isInternal%22%3A0%2C%22showLocation%22%3A1%2C%22showEmploymentType%22%3A1%2C%22showWorkplaceType%22%3A1%2C%22chatToApplyButton%22%3A%220%22%7D,https://modernlitho.applicantpro.com/jobs/,200,12,https://modernlitho.applicantpro.com/jobs/4147582,Baler Operator: Second Shift,,0.61
5333,mricompany.applicantpro.com,3784,https://mricompany.applicantpro.com/core/jobs/3784?getParams=%7B%22isInternal%22%3A0%2C%22showLocation%22%3A1%2C%22showEmploymentType%22%3A1%2C%22showWorkplaceType%22%3A1%2C%22chatToApplyButton%22%3A%220%22%7D,https://mricompany.applicantpro.com/jobs/,200,7,https://mricompany.applicantpro.com/jobs/4165508,Electronic Component Engineer,,0.61
5370,mves.applicantpro.com,1967,https://mves.applicantpro.com/core/jobs/1967?getParams=%7B%22isInternal%22%3A0%2C%22showLocation%22%3A1%2C%22showEmploymentType%22%3A1%2C%22showWorkplaceType%22%3A1%2C%22chatToApplyButton%22%3A%220%22%7D,https://mves.applicantpro.com/jobs/,200,3,https://mves.applicantpro.com/jobs/4140742,Bilingual Geriatric Support Services Coordinator (Spanish),,0.55
5399,mymaxdoc.applicantpro.com,11269,https://mymaxdoc.applicantpro.com/core/jobs/11269?getParams=%7B%22isInternal%22%3A0%2C%22showLocation%22%3A1%2C%22showEmploymentType%22%3A1%2C%22showWorkplaceType%22%3A1%2C%22chatToApplyButton%22%3A%220%22%7D,https://mymaxdoc.applicantpro.com/jobs/,200,38,https://mymaxdoc.applicantpro.com/jobs/4138791,Bilingual Health Coach- Remote,,0.69
5405,mysitec.applicantpro.com,12948,https://mysitec.applicantpro.com/core/jobs/12948?getParams=%7B%22isInternal%22%3A0%2C%22showLocation%22%3A1%2C%22showEmploymentType%22%3A1%2C%22showWorkplaceType%22%3A1%2C%22chatToApplyButton%22%3A%220%22%7D,https://mysitec.applicantpro.com/jobs/,200,19,https://mysitec.applicantpro.com/jobs/4132450,Logistics Specialist,,0.58
5427,naturessunshine.applicantpro.com,2550,https://naturessunshine.applicantpro.com/core/jobs/2550?getParams=%7B%22isInternal%22%3A0%2C%22showLocation%22%3A1%2C%22showEmploymentType%22%3A1%2C%22showWorkplaceType%22%3A1%2C%22chatToApplyButton%22%3A%220%22%7D,https://naturessunshine.applicantpro.com/jobs/,200,7,https://naturessunshine.applicantpro.com/jobs/4128279,Cybersecurity Analyst I,,0.61
5432,navigantcu.applicantpro.com,5262,https://navigantcu.applicantpro.com/core/jobs/5262?getParams=%7B%22isInternal%22%3A0%2C%22showLocation%22%3A1%2C%22showEmploymentType%22%3A1%2C%22showWorkplaceType%22%3A1%2C%22chatToApplyButton%22%3A%220%22%7D,https://navigantcu.applicantpro.com/jobs/,200,28,https://navigantcu.applicantpro.com/jobs/4022955,Assistant Branch Manager,,0.62
5437,nbme.applicantpro.com,4163,https://nbme.applicantpro.com/core/jobs/4163?getParams=%7B%22isInternal%22%3A0%2C%22showLocation%22%3A1%2C%22showEmploymentType%22%3A1%2C%22showWorkplaceType%22%3A1%2C%22chatToApplyButton%22%3A%220%22%7D,https://nbme.applicantpro.com/jobs/,200,6,https://nbme.applicantpro.com/jobs/4142810,"Director, Digital Workplace",,0.57
5455,nebrwesleyan.applicantpro.com,7012,https://nebrwesleyan.applicantpro.com/core/jobs/7012?getParams=%7B%22isInternal%22%3A0%2C%22showLocation%22%3A1%2C%22showEmploymentType%22%3A1%2C%22showWorkplaceType%22%3A1%2C%22chatToApplyButton%22%3A%220%22%7D,https://nebrwesleyan.applicantpro.com/jobs/,200,17,https://nebrwesleyan.applicantpro.com/jobs/3990654,Adjunct Faculty for Anatomy and Physiology,,0.60
5463,nelsonintelligencesolutions.applicantpro.com,4956,https://nelsonintelligencesolutions.applicantpro.com/core/jobs/4956?getParams=%7B%22isInternal%22%3A0%2C%22showLocation%22%3A1%2C%22showEmploymentType%22%3A1%2C%22showWorkplaceType%22%3A1%2C%22chatToApplyButton%22%3A%220%22%7D,https://nelsonintelligencesolutions.applicantpro.com/jobs/,200,5,https://nelsonintelligencesolutions.applicantpro.com/jobs/3269304,Cartographic Analyst,,0.61
5515,niksoft.applicantpro.com,8864,https://niksoft.applicantpro.com/core/jobs/8864?getParams=%7B%22isInternal%22%3A0%2C%22showLocation%22%3A1%2C%22showEmploymentType%22%3A1%2C%22showWorkplaceType%22%3A1%2C%22chatToApplyButton%22%3A%220%22%7D,https://niksoft.applicantpro.com/jobs/,200,2,https://niksoft.applicantpro.com/jobs/4139363,MuleSoft Anypoint Platform Administrator – AWS GovCloud,,0.57
5526,njc.applicantpro.com,5471,https://njc.applicantpro.com/core/jobs/5471?getParams=%7B%22isInternal%22%3A0%2C%22showLocation%22%3A1%2C%22showEmploymentType%22%3A1%2C%22showWorkplaceType%22%3A1%2C%22chatToApplyButton%22%3A%220%22%7D,https://njc.applicantpro.com/jobs/,200,1,https://njc.applicantpro.com/jobs/4146659,NJC Vice President of Academic Affairs,,0.54
5535,nobleheartshrconsulting.applicantpro.com,10074,https://nobleheartshrconsulting.applicantpro.com/core/jobs/10074?getParams=%7B%22isInternal%22%3A0%2C%22showLocation%22%3A1%2C%22showEmploymentType%22%3A1%2C%22showWorkplaceType%22%3A1%2C%22chatToApplyButton%22%3A%220%22%7D,https://nobleheartshrconsulting.applicantpro.com/jobs/,200,37,https://nobleheartshrconsulting.applicantpro.com/jobs/4165560,Assistant Clinical Manager,,0.55
5567,northwesternenergy.applicantpro.com,3465,https://northwesternenergy.applicantpro.com/core/jobs/3465?getParams=%7B%22isInternal%22%3A0%2C%22showLocation%22%3A1%2C%22showEmploymentType%22%3A1%2C%22showWorkplaceType%22%3A1%2C%22chatToApplyButton%22%3A%220%22%7D,https://northwesternenergy.applicantpro.com/jobs/,200,16,https://northwesternenergy.applicantpro.com/jobs/4161378,Collections Specialist,,0.53
5590,nrssinc.applicantpro.com,7395,https://nrssinc.applicantpro.com/core/jobs/7395?getParams=%7B%22isInternal%22%3A0%2C%22showLocation%22%3A1%2C%22showEmploymentType%22%3A1%2C%22showWorkplaceType%22%3A1%2C%22chatToApplyButton%22%3A%220%22%7D,https://nrssinc.applicantpro.com/jobs/,200,170,https://nrssinc.applicantpro.com/jobs/4159882,Construction Inspector,,0.94
5633,oasysincorporated.applicantpro.com,6910,https://oasysincorporated.applicantpro.com/core/jobs/6910?getParams=%7B%22isInternal%22%3A0%2C%22showLocation%22%3A1%2C%22showEmploymentType%22%3A1%2C%22showWorkplaceType%22%3A1%2C%22chatToApplyButton%22%3A%220%22%7D,https://oasysincorporated.applicantpro.com/jobs/,200,27,https://oasysincorporated.applicantpro.com/jobs/4092965,Cloud Software Engineer,,0.63
5647,office1.applicantpro.com,11160,https://office1.applicantpro.com/core/jobs/11160?getParams=%7B%22isInternal%22%3A0%2C%22showLocation%22%3A1%2C%22showEmploymentType%22%3A1%2C%22showWorkplaceType%22%3A1%2C%22chatToApplyButton%22%3A%220%22%7D,https://office1.applicantpro.com/jobs/,200,30,https://office1.applicantpro.com/jobs/4090113,Account Executive (IT Services & Office Equipment Sales),,0.65
5682,oneidainnovationsgroup.applicantpro.com,13960,https://oneidainnovationsgroup.applicantpro.com/core/jobs/13960?getParams=%7B%22isInternal%22%3A0%2C%22showLocation%22%3A1%2C%22showEmploymentType%22%3A1%2C%22showWorkplaceType%22%3A1%2C%22chatToApplyButton%22%3A%220%22%7D,https://oneidainnovationsgroup.applicantpro.com/jobs/,200,13,https://oneidainnovationsgroup.applicantpro.com/jobs/3896284,API Developer - MuleSoft &amp; .NET Integration,,0.53
5683,oneidatechnicalsolutions.applicantpro.com,9280,https://oneidatechnicalsolutions.applicantpro.com/core/jobs/9280?getParams=%7B%22isInternal%22%3A0%2C%22showLocation%22%3A1%2C%22showEmploymentType%22%3A1%2C%22showWorkplaceType%22%3A1%2C%22chatToApplyButton%22%3A%220%22%7D,https://oneidatechnicalsolutions.applicantpro.com/jobs/,200,19,https://Oneidatechnicalsolutions.applicantpro.com/jobs/3865312,Account Manager - BD &amp; Capture,,0.63
5704,opc.applicantpro.com,14569,https://opc.applicantpro.com/core/jobs/14569?getParams=%7B%22isInternal%22%3A0%2C%22showLocation%22%3A1%2C%22showEmploymentType%22%3A1%2C%22showWorkplaceType%22%3A1%2C%22chatToApplyButton%22%3A%220%22%7D,https://opc.applicantpro.com/jobs/,200,23,https://opc.applicantpro.com/jobs/4077594,"Analyst III - Lead Analyst, Load Forecasting",,0.77
5779,ovivoglobal.applicantpro.com,14941,https://ovivoglobal.applicantpro.com/core/jobs/14941?getParams=%7B%22isInternal%22%3A0%2C%22showLocation%22%3A1%2C%22showEmploymentType%22%3A1%2C%22showWorkplaceType%22%3A1%2C%22chatToApplyButton%22%3A%220%22%7D,https://ovivoglobal.applicantpro.com/jobs/,200,12,https://ovivoglobal.applicantpro.com/jobs/4162021,Applied AI Engineer,,0.54
5786,ozarksecc.applicantpro.com,5024,https://ozarksecc.applicantpro.com/core/jobs/5024?getParams=%7B%22isInternal%22%3A0%2C%22showLocation%22%3A1%2C%22showEmploymentType%22%3A1%2C%22showWorkplaceType%22%3A1%2C%22chatToApplyButton%22%3A%220%22%7D,https://ozarksecc.applicantpro.com/jobs/,200,1,https://ozarksecc.applicantpro.com/jobs/4163178,Member Relations Representative,,0.56
5847,pclaptops.applicantpro.com,4722,https://pclaptops.applicantpro.com/core/jobs/4722?getParams=%7B%22isInternal%22%3A0%2C%22showLocation%22%3A1%2C%22showEmploymentType%22%3A1%2C%22showWorkplaceType%22%3A1%2C%22chatToApplyButton%22%3A%220%22%7D,https://pclaptops.applicantpro.com/jobs/,200,4,https://pclaptops.applicantpro.com/jobs/4055107,"Computer Repair Technician - Orem, Utah",,0.51
5869,penzonesalons.applicantpro.com,11351,https://penzonesalons.applicantpro.com/core/jobs/11351?getParams=%7B%22isInternal%22%3A0%2C%22showLocation%22%3A1%2C%22showEmploymentType%22%3A1%2C%22showWorkplaceType%22%3A1%2C%22chatToApplyButton%22%3A%220%22%7D,https://penzonesalons.applicantpro.com/jobs/,200,23,https://penzonesalons.applicantpro.com/jobs/3958772,Artist in Training Program (Hair),,0.69
5900,pharrtx.applicantpro.com,18269,https://pharrtx.applicantpro.com/core/jobs/18269?getParams=%7B%22isInternal%22%3A0%2C%22showLocation%22%3A1%2C%22showEmploymentType%22%3A1%2C%22showWorkplaceType%22%3A1%2C%22chatToApplyButton%22%3A%220%22%7D,https://pharrtx.applicantpro.com/jobs/,200,17,https://pharrtx.applicantpro.com/jobs/4140507,Assistant City Engineer,,0.72
5948,plasticprinters.applicantpro.com,8518,https://plasticprinters.applicantpro.com/core/jobs/8518?getParams=%7B%22isInternal%22%3A0%2C%22showLocation%22%3A1%2C%22showEmploymentType%22%3A1%2C%22showWorkplaceType%22%3A1%2C%22chatToApplyButton%22%3A%220%22%7D,https://plasticprinters.applicantpro.com/jobs/,200,2,https://plasticprinters.applicantpro.com/jobs/3824289,"2nd Shift Press Operator (Print, Cut, Lamination & Finishing)",,0.47
5970,pointpark.applicantpro.com,17789,https://pointpark.applicantpro.com/core/jobs/17789?getParams=%7B%22isInternal%22%3A0%2C%22showLocation%22%3A1%2C%22showEmploymentType%22%3A1%2C%22showWorkplaceType%22%3A1%2C%22chatToApplyButton%22%3A%220%22%7D,https://pointpark.applicantpro.com/jobs/,200,8,https://pointpark.applicantpro.com/jobs/4126051,Head Coach -  Women's Wrestling,,0.56
6000,predicate.applicantpro.com,9731,https://predicate.applicantpro.com/core/jobs/9731?getParams=%7B%22isInternal%22%3A0%2C%22showLocation%22%3A1%2C%22showEmploymentType%22%3A1%2C%22showWorkplaceType%22%3A1%2C%22chatToApplyButton%22%3A%220%22%7D,https://predicate.applicantpro.com/jobs/,200,18,https://predicate.applicantpro.com/jobs/3864410,"Aviation C2 Systems Instructor - Okinawa, Japan",,0.63
6026,procellis.applicantpro.com,11544,https://procellis.applicantpro.com/core/jobs/11544?getParams=%7B%22isInternal%22%3A0%2C%22showLocation%22%3A1%2C%22showEmploymentType%22%3A1%2C%22showWorkplaceType%22%3A1%2C%22chatToApplyButton%22%3A%220%22%7D,https://procellis.applicantpro.com/jobs/,200,2,https://procellis.applicantpro.com/jobs/4063467, Sales Support Specialist,,0.60
6060,psomas.applicantpro.com,623,https://psomas.applicantpro.com/core/jobs/623?getParams=%7B%22isInternal%22%3A0%2C%22showLocation%22%3A1%2C%22showEmploymentType%22%3A1%2C%22showWorkplaceType%22%3A1%2C%22chatToApplyButton%22%3A%220%22%7D,https://psomas.applicantpro.com/jobs/,200,43,https://psomas.applicantpro.com/jobs/4118459,Assistant Construction Manager - Wastewater,,0.67
6065,ptci.applicantpro.com,438,https://ptci.applicantpro.com/core/jobs/438?getParams=%7B%22isInternal%22%3A0%2C%22showLocation%22%3A1%2C%22showEmploymentType%22%3A1%2C%22showWorkplaceType%22%3A1%2C%22chatToApplyButton%22%3A%220%22%7D,https://ptci.applicantpro.com/jobs/,200,1,https://ptci.applicantpro.com/jobs/4160765,Department Manager of Outside Sales|CABS,,0.61
6067,ptitechnologies.applicantpro.com,15983,https://ptitechnologies.applicantpro.com/core/jobs/15983?getParams=%7B%22isInternal%22%3A0%2C%22showLocation%22%3A1%2C%22showEmploymentType%22%3A1%2C%22showWorkplaceType%22%3A1%2C%22chatToApplyButton%22%3A%220%22%7D,https://ptitechnologies.applicantpro.com/jobs/,200,14,https://ptitechnologies.applicantpro.com/jobs/4164574,Accounts Payable Clerk,,0.57
6095,qtecinc.applicantpro.com,12276,https://qtecinc.applicantpro.com/core/jobs/12276?getParams=%7B%22isInternal%22%3A0%2C%22showLocation%22%3A1%2C%22showEmploymentType%22%3A1%2C%22showWorkplaceType%22%3A1%2C%22chatToApplyButton%22%3A%220%22%7D,https://qtecinc.applicantpro.com/jobs/,200,7,https://qtecinc.applicantpro.com/jobs/4111577,PR025-081 - MBSE SYSTEMS ENGINEER,,0.61
6196,reefcp.applicantpro.com,15965,https://reefcp.applicantpro.com/core/jobs/15965?getParams=%7B%22isInternal%22%3A0%2C%22showLocation%22%3A1%2C%22showEmploymentType%22%3A1%2C%22showWorkplaceType%22%3A1%2C%22chatToApplyButton%22%3A%220%22%7D,https://reefcp.applicantpro.com/jobs/,200,16,https://reefcp.applicantpro.com/jobs/4121217,"Associate Director of Finance, Sales &amp; Marketing",,0.65
6265,richmondtx.applicantpro.com,10169,https://richmondtx.applicantpro.com/core/jobs/10169?getParams=%7B%22isInternal%22%3A0%2C%22showLocation%22%3A1%2C%22showEmploymentType%22%3A1%2C%22showWorkplaceType%22%3A1%2C%22chatToApplyButton%22%3A%220%22%7D,https://richmondtx.applicantpro.com/jobs/,200,2,https://richmondtx.applicantpro.com/jobs/4138995,Planner II,,0.60
6288,roadandrail.applicantpro.com,758,https://roadandrail.applicantpro.com/core/jobs/758?getParams=%7B%22isInternal%22%3A0%2C%22showLocation%22%3A1%2C%22showEmploymentType%22%3A1%2C%22showWorkplaceType%22%3A1%2C%22chatToApplyButton%22%3A%220%22%7D,https://roadandrail.applicantpro.com/jobs/,200,69,https://roadandrail.applicantpro.com/jobs/4150678, Railcar Loader,,0.56
6298,rocketcityhr.applicantpro.com,3889,https://rocketcityhr.applicantpro.com/core/jobs/3889?getParams=%7B%22isInternal%22%3A0%2C%22showLocation%22%3A1%2C%22showEmploymentType%22%3A1%2C%22showWorkplaceType%22%3A1%2C%22chatToApplyButton%22%3A%220%22%7D,https://rocketcityhr.applicantpro.com/jobs/,200,3,https://rocketcityhr.applicantpro.com/jobs/335877,Accepting Resumes,,0.54
6323,rqconstruction.applicantpro.com,10141,https://rqconstruction.applicantpro.com/core/jobs/10141?getParams=%7B%22isInternal%22%3A0%2C%22showLocation%22%3A1%2C%22showEmploymentType%22%3A1%2C%22showWorkplaceType%22%3A1%2C%22chatToApplyButton%22%3A%220%22%7D,https://rqconstruction.applicantpro.com/jobs/,200,74,https://rqconstruction.applicantpro.com/jobs/4142496,Carpenter,,0.65
6400,saratogaspringsut.applicantpro.com,18647,https://saratogaspringsut.applicantpro.com/core/jobs/18647?getParams=%7B%22isInternal%22%3A0%2C%22showLocation%22%3A1%2C%22showEmploymentType%22%3A1%2C%22showWorkplaceType%22%3A1%2C%22chatToApplyButton%22%3A%220%22%7D,https://saratogaspringsut.applicantpro.com/jobs/,200,7,https://saratogaspringsut.applicantpro.com/jobs/4163954,Administrative Assistant I or II - Planning,,0.60
6410,sayresandassociates.applicantpro.com,7735,https://sayresandassociates.applicantpro.com/core/jobs/7735?getParams=%7B%22isInternal%22%3A0%2C%22showLocation%22%3A1%2C%22showEmploymentType%22%3A1%2C%22showWorkplaceType%22%3A1%2C%22chatToApplyButton%22%3A%220%22%7D,https://sayresandassociates.applicantpro.com/jobs/,200,19,https://sayresandassociates.applicantpro.com/jobs/4145595,ATGPAC Ballistic Missile Defense (BMD) Tactical Operations Subject Matter Expert (SME) ,,0.69
6505,sentrillion.applicantpro.com,8338,https://sentrillion.applicantpro.com/core/jobs/8338?getParams=%7B%22isInternal%22%3A0%2C%22showLocation%22%3A1%2C%22showEmploymentType%22%3A1%2C%22showWorkplaceType%22%3A1%2C%22chatToApplyButton%22%3A%220%22%7D,https://sentrillion.applicantpro.com/jobs/,200,26,https://sentrillion.applicantpro.com/jobs/4138996,Business Development Lead- Metro DC/MD/VA,,0.65
6520,sesloc.applicantpro.com,8534,https://sesloc.applicantpro.com/core/jobs/8534?getParams=%7B%22isInternal%22%3A0%2C%22showLocation%22%3A1%2C%22showEmploymentType%22%3A1%2C%22showWorkplaceType%22%3A1%2C%22chatToApplyButton%22%3A%220%22%7D,https://sesloc.applicantpro.com/jobs/,200,4,https://sesloc.applicantpro.com/jobs/4122709,Member Services Representative,,0.63
6568,silosmashers.applicantpro.com,3534,https://silosmashers.applicantpro.com/core/jobs/3534?getParams=%7B%22isInternal%22%3A0%2C%22showLocation%22%3A1%2C%22showEmploymentType%22%3A1%2C%22showWorkplaceType%22%3A1%2C%22chatToApplyButton%22%3A%220%22%7D,https://silosmashers.applicantpro.com/jobs/,200,57,https://silosmashers.applicantpro.com/jobs/3407308,Analytical Analyst (Top Secret Clearance Required),,0.68
6590,simtechinc.applicantpro.com,14370,https://simtechinc.applicantpro.com/core/jobs/14370?getParams=%7B%22isInternal%22%3A0%2C%22showLocation%22%3A1%2C%22showEmploymentType%22%3A1%2C%22showWorkplaceType%22%3A1%2C%22chatToApplyButton%22%3A%220%22%7D,https://simtechinc.applicantpro.com/jobs/,200,27,https://simtechinc.applicantpro.com/jobs/4150147,"CNC Machinist, Senior",,0.65
6602,skullcandy.applicantpro.com,7065,https://skullcandy.applicantpro.com/core/jobs/7065?getParams=%7B%22isInternal%22%3A0%2C%22showLocation%22%3A1%2C%22showEmploymentType%22%3A1%2C%22showWorkplaceType%22%3A1%2C%22chatToApplyButton%22%3A%220%22%7D,https://skullcandy.applicantpro.com/jobs/,200,1,https://skullcandy.applicantpro.com/jobs/4164897," Senior Manager, CRM and Retention Marketing",,0.55
6606,skyone.applicantpro.com,1960,https://skyone.applicantpro.com/core/jobs/1960?getParams=%7B%22isInternal%22%3A0%2C%22showLocation%22%3A1%2C%22showEmploymentType%22%3A1%2C%22showWorkplaceType%22%3A1%2C%22chatToApplyButton%22%3A%220%22%7D,https://skyone.applicantpro.com/jobs/,200,9,https://skyone.applicantpro.com/jobs/4165532,Accounts Payable Specialist,,0.64
6629,smeinc.applicantpro.com,2767,https://smeinc.applicantpro.com/core/jobs/2767?getParams=%7B%22isInternal%22%3A0%2C%22showLocation%22%3A1%2C%22showEmploymentType%22%3A1%2C%22showWorkplaceType%22%3A1%2C%22chatToApplyButton%22%3A%220%22%7D,https://smeinc.applicantpro.com/jobs/,200,162,https://smeinc.applicantpro.com/jobs/4153389,Archaeological Field Technician,,0.66
6636,smpa.applicantpro.com,13380,https://smpa.applicantpro.com/core/jobs/13380?getParams=%7B%22isInternal%22%3A0%2C%22showLocation%22%3A1%2C%22showEmploymentType%22%3A1%2C%22showWorkplaceType%22%3A1%2C%22chatToApplyButton%22%3A%220%22%7D,https://smpa.applicantpro.com/jobs/,200,1,https://smpa.applicantpro.com/jobs/4150461,Service Planner I-V,,0.60
6694,speedeedelivery.applicantpro.com,4635,https://speedeedelivery.applicantpro.com/core/jobs/4635?getParams=%7B%22isInternal%22%3A0%2C%22showLocation%22%3A1%2C%22showEmploymentType%22%3A1%2C%22showWorkplaceType%22%3A1%2C%22chatToApplyButton%22%3A%220%22%7D,https://speedeedelivery.applicantpro.com/jobs/,200,142,https://speedeedelivery.applicantpro.com/jobs/4153102,"Assistant Branch Manager CDL - Cedar Rapids, IA",,0.68
6705,spirol.applicantpro.com,8545,https://spirol.applicantpro.com/core/jobs/8545?getParams=%7B%22isInternal%22%3A0%2C%22showLocation%22%3A1%2C%22showEmploymentType%22%3A1%2C%22showWorkplaceType%22%3A1%2C%22chatToApplyButton%22%3A%220%22%7D,https://spirol.applicantpro.com/jobs/,200,19,https://spirol.applicantpro.com/jobs/4150007,CNC Operator- 2nd Shift,,0.69
6708,sportadvisory.applicantpro.com,4689,https://sportadvisory.applicantpro.com/core/jobs/4689?getParams=%7B%22isInternal%22%3A0%2C%22showLocation%22%3A1%2C%22showEmploymentType%22%3A1%2C%22showWorkplaceType%22%3A1%2C%22chatToApplyButton%22%3A%220%22%7D,https://sportadvisory.applicantpro.com/jobs/,200,131,https://sportadvisory.applicantpro.com/jobs/4158933,Administrative Assistant - Hoover Met Complex,,0.61
6724,sritelecom.applicantpro.com,10497,https://sritelecom.applicantpro.com/core/jobs/10497?getParams=%7B%22isInternal%22%3A0%2C%22showLocation%22%3A1%2C%22showEmploymentType%22%3A1%2C%22showWorkplaceType%22%3A1%2C%22chatToApplyButton%22%3A%220%22%7D,https://sritelecom.applicantpro.com/jobs/,200,35,https://sritelecom.applicantpro.com/jobs/1800083,Apply to SRI Telecom,,0.69
6731,stablerock.applicantpro.com,18153,https://stablerock.applicantpro.com/core/jobs/18153?getParams=%7B%22isInternal%22%3A0%2C%22showLocation%22%3A1%2C%22showEmploymentType%22%3A1%2C%22showWorkplaceType%22%3A1%2C%22chatToApplyButton%22%3A%220%22%7D,https://stablerock.applicantpro.com/jobs/,200,6,https://stablerock.applicantpro.com/jobs/3886842,"Manager, Accounting and CFO Services",,0.53
6797,stoufferlegallaw.applicantpro.com,19624,https://stoufferlegallaw.applicantpro.com/core/jobs/19624?getParams=%7B%22isInternal%22%3A0%2C%22showLocation%22%3A1%2C%22showEmploymentType%22%3A1%2C%22showWorkplaceType%22%3A1%2C%22chatToApplyButton%22%3A%220%22%7D,https://stoufferlegallaw.applicantpro.com/jobs/,200,6,https://stoufferlegallaw.applicantpro.com/jobs/4039441,Managing Attorney,,0.61
6804,stratag.applicantpro.com,4009,https://stratag.applicantpro.com/core/jobs/4009?getParams=%7B%22isInternal%22%3A0%2C%22showLocation%22%3A1%2C%22showEmploymentType%22%3A1%2C%22showWorkplaceType%22%3A1%2C%22chatToApplyButton%22%3A%220%22%7D,https://stratag.applicantpro.com/jobs/,200,15,https://stratag.applicantpro.com/jobs/4150174,Aviation Mechanic,,0.56
6827,summitgolfbrands.applicantpro.com,18863,https://summitgolfbrands.applicantpro.com/core/jobs/18863?getParams=%7B%22isInternal%22%3A0%2C%22showLocation%22%3A1%2C%22showEmploymentType%22%3A1%2C%22showWorkplaceType%22%3A1%2C%22chatToApplyButton%22%3A%220%22%7D,https://summitgolfbrands.applicantpro.com/jobs/,200,6,https://summitgolfbrands.applicantpro.com/jobs/4014045,"Account Executive, Southern Nevada, Arizona, New Mexico",,0.51
6828,summithr.applicantpro.com,11135,https://summithr.applicantpro.com/core/jobs/11135?getParams=%7B%22isInternal%22%3A0%2C%22showLocation%22%3A1%2C%22showEmploymentType%22%3A1%2C%22showWorkplaceType%22%3A1%2C%22chatToApplyButton%22%3A%220%22%7D,https://summithr.applicantpro.com/jobs/,200,111,https://summithr.applicantpro.com/jobs/1669398,0_IT_Product Manager,,0.63
6836,suneast.applicantpro.com,9787,https://suneast.applicantpro.com/core/jobs/9787?getParams=%7B%22isInternal%22%3A0%2C%22showLocation%22%3A1%2C%22showEmploymentType%22%3A1%2C%22showWorkplaceType%22%3A1%2C%22chatToApplyButton%22%3A%220%22%7D,https://suneast.applicantpro.com/jobs/,200,7,https://suneast.applicantpro.com/jobs/3937031,Assistant Branch Manager,,0.60
6837,sunhealth.applicantpro.com,14573,https://sunhealth.applicantpro.com/core/jobs/14573?getParams=%7B%22isInternal%22%3A0%2C%22showLocation%22%3A1%2C%22showEmploymentType%22%3A1%2C%22showWorkplaceType%22%3A1%2C%22chatToApplyButton%22%3A%220%22%7D,https://sunhealth.applicantpro.com/jobs/,200,27,https://sunhealth.applicantpro.com/jobs/4165230,Certified Caregiver,,0.63
6839,sunlandasphalt.applicantpro.com,11045,https://sunlandasphalt.applicantpro.com/core/jobs/11045?getParams=%7B%22isInternal%22%3A0%2C%22showLocation%22%3A1%2C%22showEmploymentType%22%3A1%2C%22showWorkplaceType%22%3A1%2C%22chatToApplyButton%22%3A%220%22%7D,https://sunlandasphalt.applicantpro.com/jobs/,200,47,https://sunlandasphalt.applicantpro.com/jobs/4095188,"Asphalt Raker (Denver, CO - MPI)",,0.62
6851,survice.applicantpro.com,236,https://survice.applicantpro.com/core/jobs/236?getParams=%7B%22isInternal%22%3A0%2C%22showLocation%22%3A1%2C%22showEmploymentType%22%3A1%2C%22showWorkplaceType%22%3A1%2C%22chatToApplyButton%22%3A%220%22%7D,https://survice.applicantpro.com/jobs/,200,27,https://survice.applicantpro.com/jobs/4055315,AFSIM Analyst,,0.55
6922,taproduce.applicantpro.com,17993,https://taproduce.applicantpro.com/core/jobs/17993?getParams=%7B%22isInternal%22%3A0%2C%22showLocation%22%3A1%2C%22showEmploymentType%22%3A1%2C%22showWorkplaceType%22%3A1%2C%22chatToApplyButton%22%3A%220%22%7D,https://taproduce.applicantpro.com/jobs/,200,22,https://taproduce.applicantpro.com/jobs/4045222,Bus Driver,,0.64
6941,tcectexas.applicantpro.com,13199,https://tcectexas.applicantpro.com/core/jobs/13199?getParams=%7B%22isInternal%22%3A0%2C%22showLocation%22%3A1%2C%22showEmploymentType%22%3A1%2C%22showWorkplaceType%22%3A1%2C%22chatToApplyButton%22%3A%220%22%7D,https://tcectexas.applicantpro.com/jobs/,200,6,https://tcectexas.applicantpro.com/jobs/4160354,Communications Specialist,,0.62
6943,tcg.applicantpro.com,5220,https://tcg.applicantpro.com/core/jobs/5220?getParams=%7B%22isInternal%22%3A0%2C%22showLocation%22%3A1%2C%22showEmploymentType%22%3A1%2C%22showWorkplaceType%22%3A1%2C%22chatToApplyButton%22%3A%220%22%7D,https://tcg.applicantpro.com/jobs/,200,3,https://tcg.applicantpro.com/jobs/4134903,Network Engineer-4134903,,0.57
6976,technologyplusonline.applicantpro.com,18694,https://technologyplusonline.applicantpro.com/core/jobs/18694?getParams=%7B%22isInternal%22%3A0%2C%22showLocation%22%3A1%2C%22showEmploymentType%22%3A1%2C%22showWorkplaceType%22%3A1%2C%22chatToApplyButton%22%3A%220%22%7D,https://technologyplusonline.applicantpro.com/jobs/,200,2,https://technologyplusonline.applicantpro.com/jobs/4077986,Cybersecurity Specialist,,0.60
7043,theinfinitygroup.applicantpro.com,12248,https://theinfinitygroup.applicantpro.com/core/jobs/12248?getParams=%7B%22isInternal%22%3A0%2C%22showLocation%22%3A1%2C%22showEmploymentType%22%3A1%2C%22showWorkplaceType%22%3A1%2C%22chatToApplyButton%22%3A%220%22%7D,https://theinfinitygroup.applicantpro.com/jobs/,200,4,https://theinfinitygroup.applicantpro.com/jobs/3338246,Licensed Journeyman Electrician,,0.63
7075,thompsongrayinc.applicantpro.com,5976,https://thompsongrayinc.applicantpro.com/core/jobs/5976?getParams=%7B%22isInternal%22%3A0%2C%22showLocation%22%3A1%2C%22showEmploymentType%22%3A1%2C%22showWorkplaceType%22%3A1%2C%22chatToApplyButton%22%3A%220%22%7D,https://thompsongrayinc.applicantpro.com/jobs/,200,28,https://thompsongrayinc.applicantpro.com/jobs/4163531,Acquisition Analyst,,0.56
7103,tmgofficeservices.applicantpro.com,2723,https://tmgofficeservices.applicantpro.com/core/jobs/2723?getParams=%7B%22isInternal%22%3A0%2C%22showLocation%22%3A1%2C%22showEmploymentType%22%3A1%2C%22showWorkplaceType%22%3A1%2C%22chatToApplyButton%22%3A%220%22%7D,https://tmgofficeservices.applicantpro.com/jobs/,200,73,https://tmgofficeservices.applicantpro.com/jobs/4125318, Office Services Associate  10AM - 7PM,,0.64
7109,tofflerassociates.applicantpro.com,8661,https://tofflerassociates.applicantpro.com/core/jobs/8661?getParams=%7B%22isInternal%22%3A0%2C%22showLocation%22%3A1%2C%22showEmploymentType%22%3A1%2C%22showWorkplaceType%22%3A1%2C%22chatToApplyButton%22%3A%220%22%7D,https://tofflerassociates.applicantpro.com/jobs/,200,4,https://tofflerassociates.applicantpro.com/jobs/4091636,AI Systems and Automation Intern,,0.72
7160,trigogroup.applicantpro.com,1596,https://trigogroup.applicantpro.com/core/jobs/1596?getParams=%7B%22isInternal%22%3A0%2C%22showLocation%22%3A1%2C%22showEmploymentType%22%3A1%2C%22showWorkplaceType%22%3A1%2C%22chatToApplyButton%22%3A%220%22%7D,https://trigogroup.applicantpro.com/jobs/,200,96,https://trigogroup.applicantpro.com/jobs/4157014,2nd shift Quality Auditor,,0.74
7213,tyonekjobs.applicantpro.com,529,https://tyonekjobs.applicantpro.com/core/jobs/529?getParams=%7B%22isInternal%22%3A0%2C%22showLocation%22%3A1%2C%22showEmploymentType%22%3A1%2C%22showWorkplaceType%22%3A1%2C%22chatToApplyButton%22%3A%220%22%7D,https://tyonekjobs.applicantpro.com/jobs/,200,49,https://tyonekjobs.applicantpro.com/jobs/4153433,Aerospace Structural Welder,,0.63
7277,unissant.applicantpro.com,7494,https://unissant.applicantpro.com/core/jobs/7494?getParams=%7B%22isInternal%22%3A0%2C%22showLocation%22%3A1%2C%22showEmploymentType%22%3A1%2C%22showWorkplaceType%22%3A1%2C%22chatToApplyButton%22%3A%220%22%7D,https://unissant.applicantpro.com/jobs/,200,37,https://unissant.applicantpro.com/jobs/3919809,Artificial Intelligence/ Machine Learning Developer,,0.62
7283,unitedcs.applicantpro.com,13539,https://unitedcs.applicantpro.com/core/jobs/13539?getParams=%7B%22isInternal%22%3A0%2C%22showLocation%22%3A1%2C%22showEmploymentType%22%3A1%2C%22showWorkplaceType%22%3A1%2C%22chatToApplyButton%22%3A%220%22%7D,https://unitedcs.applicantpro.com/jobs/,200,33,https://unitedcs.applicantpro.com/jobs/4104520,"Accounts Receivable Specialist - Kennesaw, GA",,0.66
7356,uswatercorp.applicantpro.com,5181,https://uswatercorp.applicantpro.com/core/jobs/5181?getParams=%7B%22isInternal%22%3A0%2C%22showLocation%22%3A1%2C%22showEmploymentType%22%3A1%2C%22showWorkplaceType%22%3A1%2C%22chatToApplyButton%22%3A%220%22%7D,https://uswatercorp.applicantpro.com/jobs/,200,61,https://uswatercorp.applicantpro.com/jobs/4157117,Accounts Payable / Accounts Receivable Specialist,,0.77
7362,utfcu.applicantpro.com,5225,https://utfcu.applicantpro.com/core/jobs/5225?getParams=%7B%22isInternal%22%3A0%2C%22showLocation%22%3A1%2C%22showEmploymentType%22%3A1%2C%22showWorkplaceType%22%3A1%2C%22chatToApplyButton%22%3A%220%22%7D,https://utfcu.applicantpro.com/jobs/,200,9,https://UTFCU.applicantpro.com/jobs/4121344,Assistant Branch Manager | Contact Center,,0.63
7389,vanzandtcontrols.applicantpro.com,9522,https://vanzandtcontrols.applicantpro.com/core/jobs/9522?getParams=%7B%22isInternal%22%3A0%2C%22showLocation%22%3A1%2C%22showEmploymentType%22%3A1%2C%22showWorkplaceType%22%3A1%2C%22chatToApplyButton%22%3A%220%22%7D,https://vanzandtcontrols.applicantpro.com/jobs/,200,13,https://vanzandtcontrols.applicantpro.com/jobs/4165464,"Actuator Service Technician - Farmington, NM",,0.60
7418,verityintsys.applicantpro.com,8175,https://verityintsys.applicantpro.com/core/jobs/8175?getParams=%7B%22isInternal%22%3A0%2C%22showLocation%22%3A1%2C%22showEmploymentType%22%3A1%2C%22showWorkplaceType%22%3A1%2C%22chatToApplyButton%22%3A%220%22%7D,https://verityintsys.applicantpro.com/jobs/,200,13,https://verityintsys.applicantpro.com/jobs/4115675,Chief Engineer,,0.55
7448,viatechnik.applicantpro.com,17289,https://viatechnik.applicantpro.com/core/jobs/17289?getParams=%7B%22isInternal%22%3A0%2C%22showLocation%22%3A1%2C%22showEmploymentType%22%3A1%2C%22showWorkplaceType%22%3A1%2C%22chatToApplyButton%22%3A%220%22%7D,https://viatechnik.applicantpro.com/jobs/,200,20,https://viatechnik.applicantpro.com/jobs/4129846,"Account Executive, Mechanical & Plumbing ",,0.58
7461,villagecare.applicantpro.com,9610,https://villagecare.applicantpro.com/core/jobs/9610?getParams=%7B%22isInternal%22%3A0%2C%22showLocation%22%3A1%2C%22showEmploymentType%22%3A1%2C%22showWorkplaceType%22%3A1%2C%22chatToApplyButton%22%3A%220%22%7D,https://villagecare.applicantpro.com/jobs/,200,17,https://villagecare.applicantpro.com/jobs/4165304,Community Health Worker - Bilingual,,0.67
7479,viterbo.applicantpro.com,3604,https://viterbo.applicantpro.com/core/jobs/3604?getParams=%7B%22isInternal%22%3A0%2C%22showLocation%22%3A1%2C%22showEmploymentType%22%3A1%2C%22showWorkplaceType%22%3A1%2C%22chatToApplyButton%22%3A%220%22%7D,https://viterbo.applicantpro.com/jobs/,200,34,https://viterbo.applicantpro.com/jobs/942672,Adjunct - Art,,0.66
7566,wegnercpas.applicantpro.com,13924,https://wegnercpas.applicantpro.com/core/jobs/13924?getParams=%7B%22isInternal%22%3A0%2C%22showLocation%22%3A1%2C%22showEmploymentType%22%3A1%2C%22showWorkplaceType%22%3A1%2C%22chatToApplyButton%22%3A%220%22%7D,https://wegnercpas.applicantpro.com/jobs/,200,3,https://wegnercpas.applicantpro.com/jobs/4160630,Assurance Supervisor - Not for Profit,,0.53
7583,weslacotx.applicantpro.com,15164,https://weslacotx.applicantpro.com/core/jobs/15164?getParams=%7B%22isInternal%22%3A0%2C%22showLocation%22%3A1%2C%22showEmploymentType%22%3A1%2C%22showWorkplaceType%22%3A1%2C%22chatToApplyButton%22%3A%220%22%7D,https://weslacotx.applicantpro.com/jobs/,200,11,https://weslacotx.applicantpro.com/jobs/3959617,BAILIFF,,0.58
7624,wilkesuniversitycareers.applicantpro.com,125,https://wilkesuniversitycareers.applicantpro.com/core/jobs/125?getParams=%7B%22isInternal%22%3A0%2C%22showLocation%22%3A1%2C%22showEmploymentType%22%3A1%2C%22showWorkplaceType%22%3A1%2C%22chatToApplyButton%22%3A%220%22%7D,https://wilkesuniversitycareers.applicantpro.com/jobs/,200,18,https://wilkesuniversitycareers.applicantpro.com/jobs/4158636,Assistant Coach/Intern – Women’s Wrestling,,0.54
7629,wilsonconnectivity.applicantpro.com,7656,https://wilsonconnectivity.applicantpro.com/core/jobs/7656?getParams=%7B%22isInternal%22%3A0%2C%22showLocation%22%3A1%2C%22showEmploymentType%22%3A1%2C%22showWorkplaceType%22%3A1%2C%22chatToApplyButton%22%3A%220%22%7D,https://wilsonconnectivity.applicantpro.com/jobs/,200,11,https://wilsonconnectivity.applicantpro.com/jobs/3187308,Application - Future Internships,,0.53
7644,wiser.applicantpro.com,3987,https://wiser.applicantpro.com/core/jobs/3987?getParams=%7B%22isInternal%22%3A0%2C%22showLocation%22%3A1%2C%22showEmploymentType%22%3A1%2C%22showWorkplaceType%22%3A1%2C%22chatToApplyButton%22%3A%220%22%7D,https://wiser.applicantpro.com/jobs/,200,24,https://wiser.applicantpro.com/jobs/4011605,Air Systems Analyst (Junior) - TS/SCI,,0.67
7645,wisperisp.applicantpro.com,11223,https://wisperisp.applicantpro.com/core/jobs/11223?getParams=%7B%22isInternal%22%3A0%2C%22showLocation%22%3A1%2C%22showEmploymentType%22%3A1%2C%22showWorkplaceType%22%3A1%2C%22chatToApplyButton%22%3A%220%22%7D,https://wisperisp.applicantpro.com/jobs/,200,9,https://wisperisp.applicantpro.com/jobs/4149763,Internet Field Service Technician,,0.58
7707,wsg.applicantpro.com,4477,https://wsg.applicantpro.com/core/jobs/4477?getParams=%7B%22isInternal%22%3A0%2C%22showLocation%22%3A1%2C%22showEmploymentType%22%3A1%2C%22showWorkplaceType%22%3A1%2C%22chatToApplyButton%22%3A%220%22%7D,https://wsg.applicantpro.com/jobs/,200,4,https://wsg.applicantpro.com/jobs/3253935,Machine Operator II,,0.64
8167,xceleng.applicantpro.com,15960,https://xceleng.applicantpro.com/core/jobs/15960?getParams=%7B%22isInternal%22%3A0%2C%22showLocation%22%3A1%2C%22showEmploymentType%22%3A1%2C%22showWorkplaceType%22%3A1%2C%22chatToApplyButton%22%3A%220%22%7D,https://xceleng.applicantpro.com/jobs/,200,2,https://xceleng.applicantpro.com/jobs/4086409,Full Stack Developer,,0.55
8197,yourredlist.applicantpro.com,12920,https://yourredlist.applicantpro.com/core/jobs/12920?getParams=%7B%22isInternal%22%3A0%2C%22showLocation%22%3A1%2C%22showEmploymentType%22%3A1%2C%22showWorkplaceType%22%3A1%2C%22chatToApplyButton%22%3A%220%22%7D,https://yourredlist.applicantpro.com/jobs/,200,1,https://yourredlist.applicantpro.com/jobs/4101646,Marketing Intern,,0.60
