source_row,domain,portal_id,careers_url,status_code,job_links_found,sample_job_url,sample_title,error,elapsed_seconds
21,2hb.catsone.com,64727,https://2hb.catsone.com/careers/64727,200,54,https://2hb.catsone.com/careers/64727/jobs/16784728-Network-Engineer,,,0.29
22,33704placement.catsone.com,56791,https://33704placement.catsone.com/careers/56791,200,180,https://33704placement.catsone.com/careers/56791/jobs/16843282-Senior-Software-Engineer-Secret,,,0.32
28,3kc.catsone.com,2010,https://3kc.catsone.com/careers/2010,200,118,https://3kc.catsone.com/careers/2010/register,,,0.38
69,ablscorp.catsone.com,9277,https://ablscorp.catsone.com/careers/9277,200,20,https://ablscorp.catsone.com/careers/9277/jobs/16841236-Supply-Chain-Manager,,,0.27
135,adrenaline.catsone.com,79678,https://adrenaline.catsone.com/careers/79678,200,6,https://adrenaline.catsone.com/careers/79678/jobs/16841330-Junior-Infrastructure-Engineer,,,0.27
191,akina.catsone.com,99975,https://akina.catsone.com/careers/99975,200,116,https://akina.catsone.com/careers/99975/register,,,0.37
424,arielpartners.catsone.com,12667,https://arielpartners.catsone.com/careers/12667,200,33,https://arielpartners.catsone.com/careers/12667/jobs/16836015-Federal-Contracts-and-Compliance-Specialist-working-on-request,,,0.27
443,arservices.catsone.com,113723,https://arservices.catsone.com/careers/113723,200,5,https://arservices.catsone.com/careers/113723/jobs/16837217-Acquisition-Analyst,,,0.29
497,athenatechgrp.catsone.com,102293,https://athenatechgrp.catsone.com/careers/102293,200,38,https://athenatechgrp.catsone.com/careers/102293/jobs/16843692-Satellite-Communications-Course-Developer,,,0.32
515,atp.catsone.com,4021,https://atp.catsone.com/careers/4021,200,180,https://atp.catsone.com/careers/4021/jobs/16833700-Web-Developer-1,,,0.32
550,aversan.catsone.com,53979,https://aversan.catsone.com/careers/53979,200,31,https://aversan.catsone.com/careers/53979/jobs/16837237-Business-Analyst-I,,,0.39
562,avtc.catsone.com,102881,https://avtc.catsone.com/careers/102881,200,131,https://avtc.catsone.com/careers/102881/jobs/16843626-Production-Support-Engineer-Tier-III-Operations,,,1.08
662,beaconengineers.catsone.com,21995,https://beaconengineers.catsone.com/careers/21995,200,45,https://beaconengineers.catsone.com/careers/21995/jobs/16842610-Controls-Engineer,,,1.05
671,begroup.catsone.com,39721,https://begroup.catsone.com/careers/39721,200,6,https://begroup.catsone.com/careers/39721/jobs/16837511-Social-Media-Manager,,,1.02
696,bentonpartners.catsone.com,113352,https://bentonpartners.catsone.com/careers/113352,200,57,https://bentonpartners.catsone.com/careers/113352/jobs/16842177-Quant-Research-subs-opportunistic,,,0.33
757,blackbeartech.catsone.com,68975,https://blackbeartech.catsone.com/careers/68975,200,6,https://blackbeartech.catsone.com/careers/68975/jobs/16670350-Service-Desk-Technician-Intermediate,,,0.39
828,brainsworkgroup.catsone.com,9549,https://brainsworkgroup.catsone.com/careers/9549,200,34,https://brainsworkgroup.catsone.com/careers/9549/jobs/16836489-Production-Support-Manager-Market-Risk-Technologies,,,0.45
2159,cbsinfosys.catsone.com,4147,https://cbsinfosys.catsone.com/careers/4147,200,1049,https://cbsinfosys.catsone.com/careers/4147/register,,,1.26
2290,cisintl.catsone.com,79068,https://cisintl.catsone.com/careers/79068,200,23,https://cisintl.catsone.com/careers/79068/jobs/16843740-Sr-Engineer-35600,,,0.38
2349,cloudt.catsone.com,910,https://cloudt.catsone.com/careers/910,200,23,https://cloudt.catsone.com/careers/910/register,,,0.44
2392,collectivegroup.catsone.com,39596,https://collectivegroup.catsone.com/careers/39596,200,3,https://collectivegroup.catsone.com/careers/39596/jobs/16839759-Pharmacist,,,0.21
2510,cosourcingpartners.catsone.com,8557,https://cosourcingpartners.catsone.com/careers/8557,200,44,https://cosourcingpartners.catsone.com/careers/8557/jobs/16842179-Senior-IBM-i-AS400iSeries-Application-and-Data-Migration-Specialist,,,0.29
2566,cruitek.catsone.com,78230,https://cruitek.catsone.com/careers/78230,200,15,https://cruitek.catsone.com/careers/78230/register,,,0.30
2672,davincisoftware.catsone.com,54666,https://davincisoftware.catsone.com/careers/54666,200,4,https://davincisoftware.catsone.com/careers/54666/jobs/16840325-Data-Architect-Hybrid-St-Paul-MN,,,0.30
3068,emtakllc.catsone.com,83240,https://emtakllc.catsone.com/careers/83240,200,48,https://emtakllc.catsone.com/careers/83240/jobs/16837858-SYSTEM-ENGINEER-L5-TSSCI-with-Poly-required,,,0.83
3403,fgsllc.catsone.com,85960,https://fgsllc.catsone.com/careers/85960,200,29,https://fgsllc.catsone.com/careers/85960/jobs/16841352-FMV-ScreenerAnalyst-Jr,,,0.84
3540,fusionhcr.catsone.com,43293,https://fusionhcr.catsone.com/careers/43293,200,172,https://fusionhcr.catsone.com/careers/43293/jobs/16842941-Systems-Support-Engineer-I,,,0.94
3601,geniusroad.catsone.com,41437,https://geniusroad.catsone.com/careers/41437,200,76,https://geniusroad.catsone.com/careers/41437/register,,,0.78
3737,grossberg.catsone.com,122,https://grossberg.catsone.com/careers/122,200,6,https://grossberg.catsone.com/careers/122/jobs/16843264-HYBRID-Tax-Supervisor,,,0.23
3941,hit.catsone.com,1580,https://hit.catsone.com/careers/1580,200,37,https://hit.catsone.com/careers/1580/jobs/16843580-Senior-Lead-Siebel-Developer,,,0.27
3989,hrpks.catsone.com,10387,https://hrpks.catsone.com/careers/10387,200,33,https://hrpks.catsone.com/careers/10387/jobs/16843728-Program-Activity-Driver,,,0.35
3990,hrpwfs.catsone.com,93438,https://hrpwfs.catsone.com/careers/93438,200,31,https://hrpwfs.catsone.com/careers/93438/register,,,0.39
4211,intermediagroup.catsone.com,3935,https://intermediagroup.catsone.com/careers/3935,200,145,https://intermediagroup.catsone.com/careers/3935/register,,,0.87
4763,jpc.catsone.com,6988,https://jpc.catsone.com/careers/6988,200,24,https://jpc.catsone.com/careers/6988/register,,,0.50
4919,lawshenpen.catsone.com,103307,https://lawshenpen.catsone.com/careers/103307,200,97,https://lawshenpen.catsone.com/careers/103307/jobs/16843399-Environmental-Safety-Supervisor-Food-Manufacturing-Experience,,,0.94
5099,mapssg.catsone.com,66977,https://mapssg.catsone.com/careers/66977,200,40,https://mapssg.catsone.com/careers/66977/jobs/16843263-Remote-Senior-Data-Engineer-II-Data-Platform,,,0.42
5144,mavensoft.catsone.com,4988,https://mavensoft.catsone.com/careers/4988,200,24,https://mavensoft.catsone.com/careers/4988/jobs/16834692-Service-Desk-Analyst,,,0.30
5326,mountainmanagementgroup.catsone.com,7823,https://mountainmanagementgroup.catsone.com/careers/7823,200,41,https://mountainmanagementgroup.catsone.com/careers/7823/jobs/16840682-Director-of-Infrastructure-and-Facilities-Maintenance,,,0.28
5431,naviga.catsone.com,79233,https://naviga.catsone.com/careers/79233,200,36,https://naviga.catsone.com/careers/79233/register,,,0.42
5487,newgentechnologies.catsone.com,52695,https://newgentechnologies.catsone.com/careers/52695,200,110,https://newgentechnologies.catsone.com/careers/52695/jobs/16810965-DevOps-Engineer-III,,,0.62
5561,northhilltechnology.catsone.com,80029,https://northhilltechnology.catsone.com/careers/80029,200,45,https://northhilltechnology.catsone.com/careers/80029/register,,,0.42
5583,nowhiringheroes.catsone.com,33403,https://nowhiringheroes.catsone.com/careers/33403,200,8,https://nowhiringheroes.catsone.com/careers/33403/register,,,0.31
5620,nwrp.catsone.com,2072,https://nwrp.catsone.com/careers/2072,200,2,https://nwrp.catsone.com/careers/2072/jobs/16801754-Vice-President-Marketing-and-Commercial-Strategy,,,0.26
5721,oran.catsone.com,73942,https://oran.catsone.com/careers/73942,200,4,https://oran.catsone.com/careers/73942/register,,,0.32
5858,pedigostaffing.catsone.com,28826,https://pedigostaffing.catsone.com/careers/28826,200,38,https://pedigostaffing.catsone.com/careers/28826/register,,,0.41
5881,pernixgroup.catsone.com,25319,https://pernixgroup.catsone.com/careers/25319,200,19,https://pernixgroup.catsone.com/careers/25319/jobs/16839751-Office-Administrator,,,0.44
5933,pivotalconsulting.catsone.com,35068,https://pivotalconsulting.catsone.com/careers/35068,200,7,https://pivotalconsulting.catsone.com/careers/35068/register,,,0.35
5942,placingit.catsone.com,43650,https://placingit.catsone.com/careers/43650,200,7,https://placingit.catsone.com/careers/43650/jobs/16835157-Senior-Software-Engineer-Cloud-Infrastructure-1817,,,0.34
5944,planetgreen.catsone.com,5051,https://planetgreen.catsone.com/careers/5051,200,283,https://planetgreen.catsone.com/careers/5051/jobs/16833856-Controller-Manufacturing-San-Francisco,,,1.22
6118,r2logistics.catsone.com,54426,https://r2logistics.catsone.com/careers/54426,200,3,https://r2logistics.catsone.com/careers/54426/jobs/16840037-Supply-Chain-Sales-Representative,,,0.44
6161,realtime.catsone.com,42508,https://realtime.catsone.com/careers/42508,200,22,https://realtime.catsone.com/careers/42508/jobs/16843812-UAS-Systems-and-Software-Engineers,,,0.34
6200,reflexiveconcepts.catsone.com,74775,https://reflexiveconcepts.catsone.com/careers/74775,200,120,https://reflexiveconcepts.catsone.com/careers/74775/register,,,0.59
6281,riversiderecruiting.catsone.com,42277,https://riversiderecruiting.catsone.com/careers/42277,200,12,https://riversiderecruiting.catsone.com/careers/42277/jobs/16838784-Curriculum-Approvals-and-Alignment-Contractor,,,0.32
6405,sau.catsone.com,112762,https://sau.catsone.com/careers/112762,200,12,https://sau.catsone.com/careers/112762/register,,,0.36
6420,sbsplanet.catsone.com,69494,https://sbsplanet.catsone.com/careers/69494,200,20,https://sbsplanet.catsone.com/careers/69494/jobs/16836214-AWS-Software-Developer-Cloud-DevOps-w-CI-Poly,,,0.95
6471,securetechnologiesgroup.catsone.com,35892,https://securetechnologiesgroup.catsone.com/careers/35892,200,15,https://securetechnologiesgroup.catsone.com/careers/35892/jobs/16840687-Malware-Reverse-Engineer-U,,,0.33
6509,seressmith.catsone.com,7325,https://seressmith.catsone.com/careers/7325,200,17,https://seressmith.catsone.com/careers/7325/register,,,0.52
6638,smstaffing.catsone.com,97243,https://smstaffing.catsone.com/careers/97243,200,38,https://smstaffing.catsone.com/careers/97243/jobs/16840776-Health-Paraprofessional,,,0.28
6736,staffed4u.catsone.com,103252,https://staffed4u.catsone.com/careers/103252,200,47,https://staffed4u.catsone.com/careers/103252/jobs/16843829-Mid-Level-Backend-Software-Engineer-Java,,,0.53
6807,strativia.catsone.com,9347,https://strativia.catsone.com/careers/9347,200,15,https://strativia.catsone.com/careers/9347/jobs/16843508-Oracle-Database-Administrator,,,0.46
7046,thejosefgroup.catsone.com,127262,https://thejosefgroup.catsone.com/careers/127262,200,100,https://thejosefgroup.catsone.com/careers/127262/jobs/16755062-AI-Engineer,,,0.44
7094,timberlinegrp.catsone.com,7276,https://timberlinegrp.catsone.com/careers/7276,200,204,https://timberlinegrp.catsone.com/careers/7276/jobs/16838606-Software-Engineer-Unifier-and-OPPM,,,0.55
7130,trabustechnologies.catsone.com,38078,https://trabustechnologies.catsone.com/careers/38078,200,2,https://trabustechnologies.catsone.com/careers/38078/jobs/16778423-Senior-Cybersecurity-Analyst,,,0.28
7212,tygart1.catsone.com,69,https://tygart1.catsone.com/careers/69,200,10,https://tygart1.catsone.com/careers/69/jobs/16833214-Software-Developer,,,0.29
7276,unisityllc.catsone.com,118468,https://unisityllc.catsone.com/careers/118468,200,26,https://unisityllc.catsone.com/careers/118468/jobs/16820960-Information-Systems-Security-Officer-1,,,0.48
7350,usolutionspr.catsone.com,9941,https://usolutionspr.catsone.com/careers/9941,200,18,https://usolutionspr.catsone.com/careers/9941/register,,,0.34
7390,varstaff.catsone.com,72070,https://varstaff.catsone.com/careers/72070,200,66,https://varstaff.catsone.com/careers/72070/jobs/16822052-AdminProject-Manager-III,,,0.41
7427,vertucom.catsone.com,65909,https://vertucom.catsone.com/careers/65909,200,234,https://vertucom.catsone.com/careers/65909/register,,,0.82
7477,visualsoftinc.catsone.com,23641,https://visualsoftinc.catsone.com/careers/23641,200,26,https://visualsoftinc.catsone.com/careers/23641/jobs/16842506-Senior-System-Administrator-Windows-Top-SECRET-REMOTEONSITE,,,0.59
7506,vwirecruit.catsone.com,10011,https://vwirecruit.catsone.com/careers/10011,200,25,https://vwirecruit.catsone.com/careers/10011/jobs/16839949-ElectricianQuality-Control-Manager,,,0.34
7532,wau.catsone.com,9207,https://wau.catsone.com/careers/9207,200,33,https://wau.catsone.com/careers/9207/jobs/16842511-WAU-Student-Library-Assistant-2026-2027,,,0.45
7540,waypointhumancapital.catsone.com,95573,https://waypointhumancapital.catsone.com/careers/95573,200,31,https://waypointhumancapital.catsone.com/careers/95573/jobs/16747303-Aerospace-Engineer,,,0.84
7561,websterandwebster.catsone.com,26517,https://websterandwebster.catsone.com/careers/26517,200,68,https://websterandwebster.catsone.com/careers/26517/register,,,0.75
7567,weilgroup.catsone.com,77237,https://weilgroup.catsone.com/careers/77237,200,54,https://weilgroup.catsone.com/careers/77237/jobs/16843741-Packaging-Technician,,,0.49
7612,whiteskyllc.catsone.com,100427,https://whiteskyllc.catsone.com/careers/100427,200,5,https://whiteskyllc.catsone.com/careers/100427/jobs/16843298-Systems-Engineer-TechOps-Level-3,,,0.26
8175,xlysi.catsone.com,2106,https://xlysi.catsone.com/careers/2106,200,8,https://xlysi.catsone.com/careers/2106/jobs/16843921-Actimize-Developer-oror-Stamford-CT-oror-Hybrid-role-oror-W2-Only,,,0.28
