source_row,domain,list_url,pages_fetched,job_links_found,sample_job_url,error,elapsed_seconds
20,2circleinc.bamboohr.com,https://2circleinc.bamboohr.com/careers/list,1,16,https://2circleinc.bamboohr.com/careers/120,,0.50
23,33floors.bamboohr.com,https://33floors.bamboohr.com/careers/list,1,6,https://33floors.bamboohr.com/careers/73,,0.37
25,360privacy.bamboohr.com,https://360privacy.bamboohr.com/careers/list,1,6,https://360privacy.bamboohr.com/careers/103,,0.52
26,3clife.bamboohr.com,https://3clife.bamboohr.com/careers/list,1,4,https://3clife.bamboohr.com/careers/69,,0.43
31,415.bamboohr.com,https://415.bamboohr.com/careers/list,1,3,https://415.bamboohr.com/careers/75,,0.36
34,4wallsrespage.bamboohr.com,https://4wallsrespage.bamboohr.com/careers/list,1,1,https://4wallsrespage.bamboohr.com/careers/70,,0.45
41,97thfloor.bamboohr.com,https://97thfloor.bamboohr.com/careers/list,1,6,https://97thfloor.bamboohr.com/careers/35,,0.45
48,a3.bamboohr.com,https://a3.bamboohr.com/careers/list,1,23,https://a3.bamboohr.com/careers/32,,0.44
79,acceler8labs.bamboohr.com,https://acceler8labs.bamboohr.com/careers/list,1,3,https://acceler8labs.bamboohr.com/careers/49,,0.39
81,acceltalentgroup.bamboohr.com,https://acceltalentgroup.bamboohr.com/careers/list,1,24,https://acceltalentgroup.bamboohr.com/careers/65,,1.85
89,accordant.bamboohr.com,https://accordant.bamboohr.com/careers/list,1,6,https://accordant.bamboohr.com/careers/49,,0.43
95,accuratetemps.bamboohr.com,https://accuratetemps.bamboohr.com/careers/list,1,43,https://accuratetemps.bamboohr.com/careers/1510,,0.56
97,acdconnect.bamboohr.com,https://acdconnect.bamboohr.com/careers/list,1,8,https://acdconnect.bamboohr.com/careers/57,,0.32
98,acddirect.bamboohr.com,https://acddirect.bamboohr.com/careers/list,1,2,https://acddirect.bamboohr.com/careers/81,,0.49
102,aceelectric.bamboohr.com,https://aceelectric.bamboohr.com/careers/list,1,84,https://aceelectric.bamboohr.com/careers/601,,2.58
104,aceinctrial.bamboohr.com,https://aceinctrial.bamboohr.com/careers/list,1,13,https://aceinctrial.bamboohr.com/careers/107,,0.43
121,acuityinnovations.bamboohr.com,https://acuityinnovations.bamboohr.com/careers/list,1,8,https://acuityinnovations.bamboohr.com/careers/195,,0.35
128,addainfusion.bamboohr.com,https://addainfusion.bamboohr.com/careers/list,1,13,https://addainfusion.bamboohr.com/careers/51,,0.60
156,aftershockmediagroup.bamboohr.com,https://aftershockmediagroup.bamboohr.com/careers/list,1,3,https://aftershockmediagroup.bamboohr.com/careers/76,,0.39
172,aier.bamboohr.com,https://aier.bamboohr.com/careers/list,1,1,https://aier.bamboohr.com/careers/71,,0.46
179,aimsolder.bamboohr.com,https://aimsolder.bamboohr.com/careers/list,1,18,https://aimsolder.bamboohr.com/careers/63,,0.44
187,aisobservers.bamboohr.com,https://aisobservers.bamboohr.com/careers/list,1,42,https://aisobservers.bamboohr.com/careers/34,,0.71
223,alleghenycounty.bamboohr.com,https://alleghenycounty.bamboohr.com/careers/list,1,16,https://alleghenycounty.bamboohr.com/careers/331,,0.38
232,alliancefordecisioneducation.bamboohr.com,https://alliancefordecisioneducation.bamboohr.com/careers/list,1,2,https://alliancefordecisioneducation.bamboohr.com/careers/68,,0.51
251,alstonco.bamboohr.com,https://alstonco.bamboohr.com/careers/list,1,75,https://alstonco.bamboohr.com/careers/1124,,0.54
273,ambscallcenter.bamboohr.com,https://ambscallcenter.bamboohr.com/careers/list,1,4,https://ambscallcenter.bamboohr.com/careers/56,,0.38
295,ametrine.bamboohr.com,https://ametrine.bamboohr.com/careers/list,1,5,https://ametrine.bamboohr.com/careers/162,,0.39
334,annieaesthetic.bamboohr.com,https://annieaesthetic.bamboohr.com/careers/list,1,21,https://annieaesthetic.bamboohr.com/careers/101,,0.40
337,answerlab.bamboohr.com,https://answerlab.bamboohr.com/careers/list,1,4,https://answerlab.bamboohr.com/careers/184,,0.50
397,aras.bamboohr.com,https://aras.bamboohr.com/careers/list,1,26,https://aras.bamboohr.com/careers/231,,0.37
404,arcetyp.bamboohr.com,https://arcetyp.bamboohr.com/careers/list,1,81,https://arcetyp.bamboohr.com/careers/117,,0.37
406,archetypesc.bamboohr.com,https://archetypesc.bamboohr.com/careers/list,1,2,https://archetypesc.bamboohr.com/careers/79,,0.38
415,arctiq.bamboohr.com,https://arctiq.bamboohr.com/careers/list,1,38,https://arctiq.bamboohr.com/careers/109,,0.40
442,arrowserviceteam.bamboohr.com,https://arrowserviceteam.bamboohr.com/careers/list,1,11,https://arrowserviceteam.bamboohr.com/careers/53,,0.41
456,ascendstaffing.bamboohr.com,https://ascendstaffing.bamboohr.com/careers/list,1,24,https://ascendstaffing.bamboohr.com/careers/1368,,0.41
460,asgct.bamboohr.com,https://asgct.bamboohr.com/careers/list,1,2,https://asgct.bamboohr.com/careers/46,,0.36
461,ashememorial.bamboohr.com,https://ashememorial.bamboohr.com/careers/list,1,37,https://ashememorial.bamboohr.com/careers/728,,0.54
491,asuresoftware.bamboohr.com,https://asuresoftware.bamboohr.com/careers/list,1,62,https://asuresoftware.bamboohr.com/careers/542,,0.44
501,atiinc.bamboohr.com,https://atiinc.bamboohr.com/careers/list,1,12,https://atiinc.bamboohr.com/careers/338,,0.39
502,atkinsonaeronautics.bamboohr.com,https://atkinsonaeronautics.bamboohr.com/careers/list,1,4,https://atkinsonaeronautics.bamboohr.com/careers/207,,0.49
508,atlas.bamboohr.com,https://atlas.bamboohr.com/careers/list,1,25,https://atlas.bamboohr.com/careers/559,,0.43
542,avahi.bamboohr.com,https://avahi.bamboohr.com/careers/list,1,13,https://avahi.bamboohr.com/careers/57,,0.36
567,awhnet.bamboohr.com,https://awhnet.bamboohr.com/careers/list,1,1,https://awhnet.bamboohr.com/careers/81,,0.36
576,axiscare.bamboohr.com,https://axiscare.bamboohr.com/careers/list,1,14,https://axiscare.bamboohr.com/careers/118,,0.39
585,babyscripts.bamboohr.com,https://babyscripts.bamboohr.com/careers/list,1,3,https://babyscripts.bamboohr.com/careers/134,,0.38
599,baldwinfamilyhealthcare.bamboohr.com,https://baldwinfamilyhealthcare.bamboohr.com/careers/list,1,44,https://baldwinfamilyhealthcare.bamboohr.com/careers/597,,0.36
603,banderaelectric.bamboohr.com,https://banderaelectric.bamboohr.com/careers/list,1,2,https://banderaelectric.bamboohr.com/careers/205,,0.35
614,barkus.bamboohr.com,https://barkus.bamboohr.com/careers/list,1,1,https://barkus.bamboohr.com/careers/123,,0.36
617,barnstormvfx.bamboohr.com,https://barnstormvfx.bamboohr.com/careers/list,1,14,https://barnstormvfx.bamboohr.com/careers/56,,0.39
628,battleface.bamboohr.com,https://battleface.bamboohr.com/careers/list,1,3,https://battleface.bamboohr.com/careers/225,,0.40
639,bbliving.bamboohr.com,https://bbliving.bamboohr.com/careers/list,1,1,https://bbliving.bamboohr.com/careers/123,,0.40
640,bbnnh.bamboohr.com,https://bbnnh.bamboohr.com/careers/list,1,2,https://bbnnh.bamboohr.com/careers/44,,0.38
680,belltec.bamboohr.com,https://belltec.bamboohr.com/careers/list,1,10,https://belltec.bamboohr.com/careers/54,,0.59
687,benchmarkgensuite.bamboohr.com,https://benchmarkgensuite.bamboohr.com/careers/list,1,35,https://benchmarkgensuite.bamboohr.com/careers/38,,0.38
690,benefithub.bamboohr.com,https://benefithub.bamboohr.com/careers/list,1,5,https://benefithub.bamboohr.com/careers/196,,0.35
698,bentonvillear.bamboohr.com,https://bentonvillear.bamboohr.com/careers/list,1,24,https://bentonvillear.bamboohr.com/careers/898,,0.33
704,berkshiregrey.bamboohr.com,https://berkshiregrey.bamboohr.com/careers/list,1,11,https://berkshiregrey.bamboohr.com/careers/645,,0.39
708,bestrongintl.bamboohr.com,https://bestrongintl.bamboohr.com/careers/list,1,6,https://bestrongintl.bamboohr.com/careers/184,,0.37
722,bibliu.bamboohr.com,https://bibliu.bamboohr.com/careers/list,1,53,https://bibliu.bamboohr.com/careers/274,,0.75
723,bickhamservices.bamboohr.com,https://bickhamservices.bamboohr.com/careers/list,1,9,https://bickhamservices.bamboohr.com/careers/205,,0.31
733,bimeda.bamboohr.com,https://bimeda.bamboohr.com/careers/list,1,20,https://bimeda.bamboohr.com/careers/533,,0.38
734,binarystream.bamboohr.com,https://binarystream.bamboohr.com/careers/list,1,3,https://binarystream.bamboohr.com/careers/151,,0.38
735,binsky.bamboohr.com,https://binsky.bamboohr.com/careers/list,1,5,https://binsky.bamboohr.com/careers/190,,0.38
742,birdrock.bamboohr.com,https://birdrock.bamboohr.com/careers/list,1,3,https://birdrock.bamboohr.com/careers/90,,0.34
750,bitsinglassca.bamboohr.com,https://bitsinglassca.bamboohr.com/careers/list,1,15,https://bitsinglassca.bamboohr.com/careers/476,,0.40
763,bldmpr.bamboohr.com,https://bldmpr.bamboohr.com/careers/list,1,31,https://bldmpr.bamboohr.com/careers/46,,0.39
830,brandaddition.bamboohr.com,https://brandaddition.bamboohr.com/careers/list,1,10,https://brandaddition.bamboohr.com/careers/264,,0.66
832,brandingbrand.bamboohr.com,https://brandingbrand.bamboohr.com/careers/list,1,3,https://brandingbrand.bamboohr.com/careers/20,,0.43
840,brgcommunications.bamboohr.com,https://brgcommunications.bamboohr.com/careers/list,1,7,https://brgcommunications.bamboohr.com/careers/49,,0.38
850,bringitps.bamboohr.com,https://bringitps.bamboohr.com/careers/list,1,15,https://bringitps.bamboohr.com/careers/489,,0.52
924,calpionplutus.bamboohr.com,https://calpionplutus.bamboohr.com/careers/list,1,20,https://calpionplutus.bamboohr.com/careers/291,,0.38
954,capstonesolutions.bamboohr.com,https://capstonesolutions.bamboohr.com/careers/list,1,11,https://capstonesolutions.bamboohr.com/careers/121,,0.37
955,carboncure.bamboohr.com,https://carboncure.bamboohr.com/careers/list,1,1,https://carboncure.bamboohr.com/careers/256,,0.51
2135,caseiq.bamboohr.com,https://caseiq.bamboohr.com/careers/list,1,7,https://caseiq.bamboohr.com/careers/328,,0.34
2140,castoredc.bamboohr.com,https://castoredc.bamboohr.com/careers/list,1,2,https://castoredc.bamboohr.com/careers/54,,0.84
2145,catface.bamboohr.com,https://catface.bamboohr.com/careers/list,1,5,https://catface.bamboohr.com/careers/194,,0.37
2146,cavallo.bamboohr.com,https://cavallo.bamboohr.com/careers/list,1,10,https://cavallo.bamboohr.com/careers/158,,0.39
2150,cb20.bamboohr.com,https://cb20.bamboohr.com/careers/list,1,21,https://cb20.bamboohr.com/careers/58,,0.39
2151,cbaytrust.bamboohr.com,https://cbaytrust.bamboohr.com/careers/list,1,1,https://cbaytrust.bamboohr.com/careers/80,,0.35
2168,ccmpool.bamboohr.com,https://ccmpool.bamboohr.com/careers/list,1,3,https://ccmpool.bamboohr.com/careers/275,,0.42
2186,cedp.bamboohr.com,https://cedp.bamboohr.com/careers/list,1,3,https://cedp.bamboohr.com/careers/276,,0.37
2192,celltech.bamboohr.com,https://celltech.bamboohr.com/careers/list,1,9,https://celltech.bamboohr.com/careers/37,,0.34
2205,centrilogic.bamboohr.com,https://centrilogic.bamboohr.com/careers/list,1,8,https://centrilogic.bamboohr.com/careers/198,,0.47
2216,cfp.bamboohr.com,https://cfp.bamboohr.com/careers/list,1,22,https://cfp.bamboohr.com/careers/178,,0.40
2223,chainstack.bamboohr.com,https://chainstack.bamboohr.com/careers/list,1,7,https://chainstack.bamboohr.com/careers/128,,0.66
2230,characterstrong.bamboohr.com,https://characterstrong.bamboohr.com/careers/list,1,3,https://characterstrong.bamboohr.com/careers/136,,0.39
2270,ci0tech.bamboohr.com,https://ci0tech.bamboohr.com/careers/list,1,1,https://ci0tech.bamboohr.com/careers/31,,0.40
2277,cintel.bamboohr.com,https://cintel.bamboohr.com/careers/list,1,24,https://cintel.bamboohr.com/careers/354,,0.41
2310,cityrisesafety.bamboohr.com,https://cityrisesafety.bamboohr.com/careers/list,1,27,https://cityrisesafety.bamboohr.com/careers/357,,0.38
2313,ckcdllc.bamboohr.com,https://ckcdllc.bamboohr.com/careers/list,1,21,https://ckcdllc.bamboohr.com/careers/77,,0.57
2342,clix.bamboohr.com,https://clix.bamboohr.com/careers/list,1,4,https://clix.bamboohr.com/careers/63,,0.40
2347,cloudhesive.bamboohr.com,https://cloudhesive.bamboohr.com/careers/list,1,2,https://cloudhesive.bamboohr.com/careers/80,,0.34
2350,cloudticity.bamboohr.com,https://cloudticity.bamboohr.com/careers/list,1,1,https://cloudticity.bamboohr.com/careers/91,,0.35
2355,clservices.bamboohr.com,https://clservices.bamboohr.com/careers/list,1,3,https://clservices.bamboohr.com/careers/284,,0.34
2362,cmtservicesinc.bamboohr.com,https://cmtservicesinc.bamboohr.com/careers/list,1,58,https://cmtservicesinc.bamboohr.com/careers/306,,0.49
2363,cmtsllc.bamboohr.com,https://cmtsllc.bamboohr.com/careers/list,1,61,https://cmtsllc.bamboohr.com/careers/1181,,0.36
2383,coherent.bamboohr.com,https://coherent.bamboohr.com/careers/list,1,1,https://coherent.bamboohr.com/careers/47,,0.70
2399,collinselectric.bamboohr.com,https://collinselectric.bamboohr.com/careers/list,1,6,https://collinselectric.bamboohr.com/careers/207,,0.50
2400,coloradolegalservices.bamboohr.com,https://coloradolegalservices.bamboohr.com/careers/list,1,4,https://coloradolegalservices.bamboohr.com/careers/140,,0.41
2410,colusa.bamboohr.com,https://colusa.bamboohr.com/careers/list,1,27,https://colusa.bamboohr.com/careers/30,,0.39
2436,complianceandrisks.bamboohr.com,https://complianceandrisks.bamboohr.com/careers/list,1,2,https://complianceandrisks.bamboohr.com/careers/170,,0.68
2457,connexushub.bamboohr.com,https://connexushub.bamboohr.com/careers/list,1,25,https://connexushub.bamboohr.com/careers/81,,0.39
2469,contfinco.bamboohr.com,https://contfinco.bamboohr.com/careers/list,1,8,https://contfinco.bamboohr.com/careers/300,,0.39
2470,continent8.bamboohr.com,https://continent8.bamboohr.com/careers/list,1,3,https://continent8.bamboohr.com/careers/437,,0.66
2475,convr.bamboohr.com,https://convr.bamboohr.com/careers/list,1,3,https://convr.bamboohr.com/careers/159,,0.35
2492,corinexcom.bamboohr.com,https://corinexcom.bamboohr.com/careers/list,1,9,https://corinexcom.bamboohr.com/careers/168,,0.33
2494,cornelisnetworks.bamboohr.com,https://cornelisnetworks.bamboohr.com/careers/list,1,27,https://cornelisnetworks.bamboohr.com/careers/125,,0.38
2509,cortina.bamboohr.com,https://cortina.bamboohr.com/careers/list,1,34,https://cortina.bamboohr.com/careers/291,,0.46
2517,coventek.bamboohr.com,https://coventek.bamboohr.com/careers/list,1,5,https://coventek.bamboohr.com/careers/642,,0.36
2518,covertswarm.bamboohr.com,https://covertswarm.bamboohr.com/careers/list,1,11,https://covertswarm.bamboohr.com/careers/53,,0.72
2526,cpjorg.bamboohr.com,https://cpjorg.bamboohr.com/careers/list,1,3,https://cpjorg.bamboohr.com/careers/104,,0.38
2527,cppi.bamboohr.com,https://cppi.bamboohr.com/careers/list,1,25,https://cppi.bamboohr.com/careers/307,,0.39
2547,crimsgroup.bamboohr.com,https://crimsgroup.bamboohr.com/careers/list,1,23,https://crimsgroup.bamboohr.com/careers/386,,0.42
2600,cubecare.bamboohr.com,https://cubecare.bamboohr.com/careers/list,1,15,https://cubecare.bamboohr.com/careers/337,,0.35
2645,dan.bamboohr.com,https://dan.bamboohr.com/careers/list,1,13,https://dan.bamboohr.com/careers/23,,0.40
2650,daoninc.bamboohr.com,https://daoninc.bamboohr.com/careers/list,1,18,https://daoninc.bamboohr.com/careers/355,,0.67
2659,datacoresystems.bamboohr.com,https://datacoresystems.bamboohr.com/careers/list,1,23,https://datacoresystems.bamboohr.com/careers/657,,0.37
2702,defensewerx.bamboohr.com,https://defensewerx.bamboohr.com/careers/list,1,5,https://defensewerx.bamboohr.com/careers/127,,0.37
2716,denizen.bamboohr.com,https://denizen.bamboohr.com/careers/list,1,10,https://denizen.bamboohr.com/careers/42,,0.42
2721,derevo.bamboohr.com,https://derevo.bamboohr.com/careers/list,1,10,https://derevo.bamboohr.com/careers/74,,0.36
2733,devtechsys.bamboohr.com,https://devtechsys.bamboohr.com/careers/list,1,1,https://devtechsys.bamboohr.com/careers/63,,0.39
2739,dfn.bamboohr.com,https://dfn.bamboohr.com/careers/list,1,3,https://dfn.bamboohr.com/careers/120,,0.39
2747,digdeep.bamboohr.com,https://digdeep.bamboohr.com/careers/list,1,2,https://digdeep.bamboohr.com/careers/21,,0.36
2780,docmagic.bamboohr.com,https://docmagic.bamboohr.com/careers/list,1,3,https://docmagic.bamboohr.com/careers/58,,0.50
2787,domusglobal.bamboohr.com,https://domusglobal.bamboohr.com/careers/list,1,24,https://domusglobal.bamboohr.com/careers/251,,0.34
2790,dorepartnership.bamboohr.com,https://dorepartnership.bamboohr.com/careers/list,1,7,https://dorepartnership.bamboohr.com/careers/58,,0.67
2793,doveschoolstulsa.bamboohr.com,https://doveschoolstulsa.bamboohr.com/careers/list,1,13,https://doveschoolstulsa.bamboohr.com/careers/90,,0.37
2797,dpgsolutionsllc.bamboohr.com,https://dpgsolutionsllc.bamboohr.com/careers/list,1,16,https://dpgsolutionsllc.bamboohr.com/careers/41,,0.35
2801,drapercity.bamboohr.com,https://drapercity.bamboohr.com/careers/list,1,7,https://drapercity.bamboohr.com/careers/392,,0.36
2802,draslovka.bamboohr.com,https://draslovka.bamboohr.com/careers/list,1,18,https://draslovka.bamboohr.com/careers/312,,0.66
2815,dstaffing.bamboohr.com,https://dstaffing.bamboohr.com/careers/list,1,50,https://dstaffing.bamboohr.com/careers/21,,0.52
2822,dubak.bamboohr.com,https://dubak.bamboohr.com/careers/list,1,22,https://dubak.bamboohr.com/careers/62,,0.34
2830,duradigital.bamboohr.com,https://duradigital.bamboohr.com/careers/list,1,11,https://duradigital.bamboohr.com/careers/27,,0.39
2856,ebankstar.bamboohr.com,https://ebankstar.bamboohr.com/careers/list,1,2,https://ebankstar.bamboohr.com/careers/77,,0.37
2866,ebq.bamboohr.com,https://ebq.bamboohr.com/careers/list,1,6,https://ebq.bamboohr.com/careers/153,,0.34
2911,educationstrategyconsulting.bamboohr.com,https://educationstrategyconsulting.bamboohr.com/careers/list,1,1,https://educationstrategyconsulting.bamboohr.com/careers/29,,0.34
3012,elementalenzymes.bamboohr.com,https://elementalenzymes.bamboohr.com/careers/list,1,1,https://elementalenzymes.bamboohr.com/careers/62,,0.34
3017,eleven.bamboohr.com,https://eleven.bamboohr.com/careers/list,1,5,https://eleven.bamboohr.com/careers/132,,0.38
3067,emsere.bamboohr.com,https://emsere.bamboohr.com/careers/list,1,5,https://emsere.bamboohr.com/careers/45,,0.39
3080,enerstarltd.bamboohr.com,https://enerstarltd.bamboohr.com/careers/list,1,14,https://enerstarltd.bamboohr.com/careers/272,,0.37
3137,er2.bamboohr.com,https://er2.bamboohr.com/careers/list,1,5,https://er2.bamboohr.com/careers/330,,0.38
3140,erdosmiller.bamboohr.com,https://erdosmiller.bamboohr.com/careers/list,1,3,https://erdosmiller.bamboohr.com/careers/65,,0.39
3179,etek.bamboohr.com,https://etek.bamboohr.com/careers/list,1,4,https://etek.bamboohr.com/careers/23,,0.40
3185,euna.bamboohr.com,https://euna.bamboohr.com/careers/list,1,33,https://euna.bamboohr.com/careers/596,,0.37
3190,eventussystems.bamboohr.com,https://eventussystems.bamboohr.com/careers/list,1,5,https://eventussystems.bamboohr.com/careers/45,,0.39
3221,existx.bamboohr.com,https://existx.bamboohr.com/careers/list,1,3,https://existx.bamboohr.com/careers/39,,0.39
3230,extantaero.bamboohr.com,https://extantaero.bamboohr.com/careers/list,1,8,https://extantaero.bamboohr.com/careers/118,,0.44
3375,fasset.bamboohr.com,https://fasset.bamboohr.com/careers/list,1,25,https://fasset.bamboohr.com/careers/100,,0.35
3384,fcp.bamboohr.com,https://fcp.bamboohr.com/careers/list,1,4,https://fcp.bamboohr.com/careers/69,,0.36
3442,fitsolutions.bamboohr.com,https://fitsolutions.bamboohr.com/careers/list,1,3,https://fitsolutions.bamboohr.com/careers/448,,0.35
3444,fiuonline.bamboohr.com,https://fiuonline.bamboohr.com/careers/list,1,1,https://fiuonline.bamboohr.com/careers/269,,0.34
3464,fmicorp.bamboohr.com,https://fmicorp.bamboohr.com/careers/list,1,15,https://fmicorp.bamboohr.com/careers/161,,0.27
3471,foodpeople.bamboohr.com,https://foodpeople.bamboohr.com/careers/list,1,101,https://foodpeople.bamboohr.com/careers/746,,2.82
3472,forevercheese.bamboohr.com,https://forevercheese.bamboohr.com/careers/list,1,5,https://forevercheese.bamboohr.com/careers/63,,0.39
3475,formulafig.bamboohr.com,https://formulafig.bamboohr.com/careers/list,1,10,https://formulafig.bamboohr.com/careers/136,,0.41
3507,frankel.bamboohr.com,https://frankel.bamboohr.com/careers/list,1,15,https://frankel.bamboohr.com/careers/71,,0.36
3513,freeflightsystems.bamboohr.com,https://freeflightsystems.bamboohr.com/careers/list,1,4,https://freeflightsystems.bamboohr.com/careers/121,,0.34
3515,freschesolutions.bamboohr.com,https://freschesolutions.bamboohr.com/careers/list,1,12,https://freschesolutions.bamboohr.com/careers/783,,0.36
3530,fullbay.bamboohr.com,https://fullbay.bamboohr.com/careers/list,1,8,https://fullbay.bamboohr.com/careers/201,,0.38
3549,fz.bamboohr.com,https://fz.bamboohr.com/careers/list,1,27,https://fz.bamboohr.com/careers/110,,0.38
3553,gadellnet.bamboohr.com,https://gadellnet.bamboohr.com/careers/list,1,13,https://gadellnet.bamboohr.com/careers/202,,0.34
3583,geekplus.bamboohr.com,https://geekplus.bamboohr.com/careers/list,1,20,https://geekplus.bamboohr.com/careers/355,,0.37
3589,geminiams.bamboohr.com,https://geminiams.bamboohr.com/careers/list,1,3,https://geminiams.bamboohr.com/careers/71,,1.39
3618,getrepowered.bamboohr.com,https://getrepowered.bamboohr.com/careers/list,1,1,https://getrepowered.bamboohr.com/careers/27,,0.35
3637,gigakom.bamboohr.com,https://gigakom.bamboohr.com/careers/list,1,13,https://gigakom.bamboohr.com/careers/26,,0.58
3642,gitkraken.bamboohr.com,https://gitkraken.bamboohr.com/careers/list,1,6,https://gitkraken.bamboohr.com/careers/173,,0.51
3647,gleus.bamboohr.com,https://gleus.bamboohr.com/careers/list,1,7,https://gleus.bamboohr.com/careers/128,,0.35
3652,globalalliant.bamboohr.com,https://globalalliant.bamboohr.com/careers/list,1,16,https://globalalliant.bamboohr.com/careers/676,,0.41
3661,glowacademy.bamboohr.com,https://glowacademy.bamboohr.com/careers/list,1,12,https://glowacademy.bamboohr.com/careers/222,,0.37
3662,gluware.bamboohr.com,https://gluware.bamboohr.com/careers/list,1,2,https://gluware.bamboohr.com/careers/86,,0.39
3665,gmppros.bamboohr.com,https://gmppros.bamboohr.com/careers/list,1,5,https://gmppros.bamboohr.com/careers/106,,0.40
3692,gorillalogic.bamboohr.com,https://gorillalogic.bamboohr.com/careers/list,1,9,https://gorillalogic.bamboohr.com/careers/35,,0.37
3701,grahamautorepair.bamboohr.com,https://grahamautorepair.bamboohr.com/careers/list,1,1,https://grahamautorepair.bamboohr.com/careers/27,,0.39
3702,grahamconstruction2.bamboohr.com,https://grahamconstruction2.bamboohr.com/careers/list,1,15,https://grahamconstruction2.bamboohr.com/careers/174,,0.32
3707,graphiant.bamboohr.com,https://graphiant.bamboohr.com/careers/list,1,1,https://graphiant.bamboohr.com/careers/102,,0.39
3720,greenboxcapital.bamboohr.com,https://greenboxcapital.bamboohr.com/careers/list,1,7,https://greenboxcapital.bamboohr.com/careers/158,,0.43
3721,greencabbage.bamboohr.com,https://greencabbage.bamboohr.com/careers/list,1,8,https://greencabbage.bamboohr.com/careers/51,,0.35
3726,greenparkcontent.bamboohr.com,https://greenparkcontent.bamboohr.com/careers/list,1,89,https://greenparkcontent.bamboohr.com/careers/208,,0.76
3739,groundupinternational.bamboohr.com,https://groundupinternational.bamboohr.com/careers/list,1,2,https://groundupinternational.bamboohr.com/careers/89,,0.39
3751,gssi.bamboohr.com,https://gssi.bamboohr.com/careers/list,1,2,https://gssi.bamboohr.com/careers/109,,0.41
3755,gta.bamboohr.com,https://gta.bamboohr.com/careers/list,1,17,https://gta.bamboohr.com/careers/463,,0.37
3772,gupta.bamboohr.com,https://gupta.bamboohr.com/careers/list,1,13,https://gupta.bamboohr.com/careers/179,,0.35
3788,hamilton.bamboohr.com,https://hamilton.bamboohr.com/careers/list,1,29,https://hamilton.bamboohr.com/careers/804,,0.71
3790,hammertech123.bamboohr.com,https://hammertech123.bamboohr.com/careers/list,1,5,https://hammertech123.bamboohr.com/careers/138,,0.49
3795,hansoninc.bamboohr.com,https://hansoninc.bamboohr.com/careers/list,1,2,https://hansoninc.bamboohr.com/careers/47,,0.35
3879,headspin.bamboohr.com,https://headspin.bamboohr.com/careers/list,1,18,https://headspin.bamboohr.com/careers/273,,0.38
3892,heights.bamboohr.com,https://heights.bamboohr.com/careers/list,1,5,https://heights.bamboohr.com/careers/84,,0.51
3899,helloflynn.bamboohr.com,https://helloflynn.bamboohr.com/careers/list,1,2,https://helloflynn.bamboohr.com/careers/32,,0.46
3915,hgiworld.bamboohr.com,https://hgiworld.bamboohr.com/careers/list,1,9,https://hgiworld.bamboohr.com/careers/64,,0.37
3920,high5games.bamboohr.com,https://high5games.bamboohr.com/careers/list,1,11,https://high5games.bamboohr.com/careers/135,,0.32
3921,highland.bamboohr.com,https://highland.bamboohr.com/careers/list,1,2,https://highland.bamboohr.com/careers/120,,0.40
3929,hillgrp.bamboohr.com,https://hillgrp.bamboohr.com/careers/list,1,21,https://hillgrp.bamboohr.com/careers/189,,0.40
3940,historicnewengland.bamboohr.com,https://historicnewengland.bamboohr.com/careers/list,1,6,https://historicnewengland.bamboohr.com/careers/112,,0.37
4008,huntelectric.bamboohr.com,https://huntelectric.bamboohr.com/careers/list,1,39,https://huntelectric.bamboohr.com/careers/1248,,0.37
4009,huntercarehealth.bamboohr.com,https://huntercarehealth.bamboohr.com/careers/list,1,1,https://huntercarehealth.bamboohr.com/careers/414,,0.31
4014,huntsservices.bamboohr.com,https://huntsservices.bamboohr.com/careers/list,1,9,https://huntsservices.bamboohr.com/careers/81,,0.36
4017,hutchcc.bamboohr.com,https://hutchcc.bamboohr.com/careers/list,1,36,https://hutchcc.bamboohr.com/careers/96,,0.39
4063,ictcctic.bamboohr.com,https://ictcctic.bamboohr.com/careers/list,1,3,https://ictcctic.bamboohr.com/careers/230,,0.38
4086,ihbs.bamboohr.com,https://ihbs.bamboohr.com/careers/list,1,26,https://ihbs.bamboohr.com/careers/35,,0.40
4098,illumynt.bamboohr.com,https://illumynt.bamboohr.com/careers/list,1,3,https://illumynt.bamboohr.com/careers/42,,0.37
4130,indicalab.bamboohr.com,https://indicalab.bamboohr.com/careers/list,1,4,https://indicalab.bamboohr.com/careers/184,,0.31
4131,indigenousclimateaction.bamboohr.com,https://indigenousclimateaction.bamboohr.com/careers/list,1,1,https://indigenousclimateaction.bamboohr.com/careers/23,,0.50
4148,infowest.bamboohr.com,https://infowest.bamboohr.com/careers/list,1,5,https://infowest.bamboohr.com/careers/120,,0.37
4157,innovativeinc.bamboohr.com,https://innovativeinc.bamboohr.com/careers/list,1,2,https://innovativeinc.bamboohr.com/careers/41,,0.39
4159,innovu.bamboohr.com,https://innovu.bamboohr.com/careers/list,1,4,https://innovu.bamboohr.com/careers/24,,0.36
4160,inodeink.bamboohr.com,https://inodeink.bamboohr.com/careers/list,1,3,https://inodeink.bamboohr.com/careers/57,,0.39
4161,inpwr.bamboohr.com,https://inpwr.bamboohr.com/careers/list,1,34,https://inpwr.bamboohr.com/careers/224,,0.44
4189,integrationcharter.bamboohr.com,https://integrationcharter.bamboohr.com/careers/list,1,15,https://integrationcharter.bamboohr.com/careers/91,,0.33
4195,intellecteu.bamboohr.com,https://intellecteu.bamboohr.com/careers/list,1,12,https://intellecteu.bamboohr.com/careers/81,,0.64
4221,introhive.bamboohr.com,https://introhive.bamboohr.com/careers/list,1,5,https://introhive.bamboohr.com/careers/540,,0.33
4230,invid.bamboohr.com,https://invid.bamboohr.com/careers/list,1,14,https://invid.bamboohr.com/careers/280,,0.37
4255,isoutsource.bamboohr.com,https://isoutsource.bamboohr.com/careers/list,1,5,https://isoutsource.bamboohr.com/careers/66,,0.36
4259,it360.bamboohr.com,https://it360.bamboohr.com/careers/list,1,3,https://it360.bamboohr.com/careers/79,,0.37
4260,it8.bamboohr.com,https://it8.bamboohr.com/careers/list,1,30,https://it8.bamboohr.com/careers/37,,0.66
4276,iworq.bamboohr.com,https://iworq.bamboohr.com/careers/list,1,8,https://iworq.bamboohr.com/careers/76,,0.37
4277,ixsystems.bamboohr.com,https://ixsystems.bamboohr.com/careers/list,1,10,https://ixsystems.bamboohr.com/careers/137,,0.35
4290,jbssolutions.bamboohr.com,https://jbssolutions.bamboohr.com/careers/list,1,16,https://jbssolutions.bamboohr.com/careers/120,,0.38
4293,jcifederal.bamboohr.com,https://jcifederal.bamboohr.com/careers/list,1,83,https://jcifederal.bamboohr.com/careers/874,,0.39
4302,jetdirectmortgage.bamboohr.com,https://jetdirectmortgage.bamboohr.com/careers/list,1,41,https://jetdirectmortgage.bamboohr.com/careers/32,,0.38
4303,jetsmro.bamboohr.com,https://jetsmro.bamboohr.com/careers/list,1,1,https://jetsmro.bamboohr.com/careers/67,,0.40
4304,jgmusa.bamboohr.com,https://jgmusa.bamboohr.com/careers/list,1,19,https://jgmusa.bamboohr.com/careers/226,,0.35
4307,jjalbanese.bamboohr.com,https://jjalbanese.bamboohr.com/careers/list,1,19,https://jjalbanese.bamboohr.com/careers/183,,0.40
4313,jmsequipment.bamboohr.com,https://jmsequipment.bamboohr.com/careers/list,1,5,https://jmsequipment.bamboohr.com/careers/140,,0.37
4764,jplogistics1.bamboohr.com,https://jplogistics1.bamboohr.com/careers/list,1,42,https://jplogistics1.bamboohr.com/careers/244,,0.38
4769,jpsys.bamboohr.com,https://jpsys.bamboohr.com/careers/list,1,4,https://jpsys.bamboohr.com/careers/32,,0.36
4806,kciconstruction.bamboohr.com,https://kciconstruction.bamboohr.com/careers/list,1,25,https://kciconstruction.bamboohr.com/careers/29,,0.37
4832,kierwright.bamboohr.com,https://kierwright.bamboohr.com/careers/list,1,28,https://kierwright.bamboohr.com/careers/743,,0.35
4842,kinsley.bamboohr.com,https://kinsley.bamboohr.com/careers/list,1,44,https://kinsley.bamboohr.com/careers/1108,,0.37
4855,knightscope.bamboohr.com,https://knightscope.bamboohr.com/careers/list,1,22,https://knightscope.bamboohr.com/careers/59,,0.56
4858,knowmadics.bamboohr.com,https://knowmadics.bamboohr.com/careers/list,1,4,https://knowmadics.bamboohr.com/careers/177,,0.32
4860,kobalt.bamboohr.com,https://kobalt.bamboohr.com/careers/list,1,6,https://kobalt.bamboohr.com/careers/53,,0.41
4880,kryptonfs.bamboohr.com,https://kryptonfs.bamboohr.com/careers/list,1,11,https://kryptonfs.bamboohr.com/careers/105,,0.40
4884,kslcapital.bamboohr.com,https://kslcapital.bamboohr.com/careers/list,1,10,https://kslcapital.bamboohr.com/careers/84,,0.36
4924,lchcs.bamboohr.com,https://lchcs.bamboohr.com/careers/list,1,5,https://lchcs.bamboohr.com/careers/155,,0.36
4938,leevin.bamboohr.com,https://leevin.bamboohr.com/careers/list,1,13,https://leevin.bamboohr.com/careers/245,,0.38
4943,legato.bamboohr.com,https://legato.bamboohr.com/careers/list,1,20,https://legato.bamboohr.com/careers/61,,0.41
4946,lemonedge.bamboohr.com,https://lemonedge.bamboohr.com/careers/list,1,2,https://lemonedge.bamboohr.com/careers/112,,0.34
4957,lexical.bamboohr.com,https://lexical.bamboohr.com/careers/list,1,7,https://lexical.bamboohr.com/careers/70,,0.29
4986,listentech.bamboohr.com,https://listentech.bamboohr.com/careers/list,1,3,https://listentech.bamboohr.com/careers/123,,0.37
5008,logansimpson.bamboohr.com,https://logansimpson.bamboohr.com/careers/list,1,12,https://logansimpson.bamboohr.com/careers/219,,0.39
5015,loopbackanalytics.bamboohr.com,https://loopbackanalytics.bamboohr.com/careers/list,1,2,https://loopbackanalytics.bamboohr.com/careers/126,,0.32
5042,lunaroutpost.bamboohr.com,https://lunaroutpost.bamboohr.com/careers/list,1,25,https://lunaroutpost.bamboohr.com/careers/276,,0.37
5052,lxt.bamboohr.com,https://lxt.bamboohr.com/careers/list,1,43,https://lxt.bamboohr.com/careers/154,,0.41
5066,macrobond.bamboohr.com,https://macrobond.bamboohr.com/careers/list,1,8,https://macrobond.bamboohr.com/careers/251,,0.63
5088,malonesolutions.bamboohr.com,https://malonesolutions.bamboohr.com/careers/list,1,10,https://malonesolutions.bamboohr.com/careers/819,,0.49
5089,manageamerica.bamboohr.com,https://manageamerica.bamboohr.com/careers/list,1,4,https://manageamerica.bamboohr.com/careers/66,,0.39
5098,mapletronics.bamboohr.com,https://mapletronics.bamboohr.com/careers/list,1,2,https://mapletronics.bamboohr.com/careers/67,,0.39
5110,markone.bamboohr.com,https://markone.bamboohr.com/careers/list,1,4,https://markone.bamboohr.com/careers/52,,0.35
5115,marrinadecisions.bamboohr.com,https://marrinadecisions.bamboohr.com/careers/list,1,25,https://marrinadecisions.bamboohr.com/careers/644,,0.38
5148,maxtenainc.bamboohr.com,https://maxtenainc.bamboohr.com/careers/list,1,23,https://maxtenainc.bamboohr.com/careers/25,,0.80
5149,maxxis.bamboohr.com,https://maxxis.bamboohr.com/careers/list,1,4,https://maxxis.bamboohr.com/careers/30,,0.53
5153,mboone.bamboohr.com,https://mboone.bamboohr.com/careers/list,1,7,https://mboone.bamboohr.com/careers/103,,0.35
5160,mccinc.bamboohr.com,https://mccinc.bamboohr.com/careers/list,1,14,https://mccinc.bamboohr.com/careers/104,,0.51
5188,mediastream.bamboohr.com,https://mediastream.bamboohr.com/careers/list,1,8,https://mediastream.bamboohr.com/careers/24,,0.66
5189,mediatrust.bamboohr.com,https://mediatrust.bamboohr.com/careers/list,1,3,https://mediatrust.bamboohr.com/careers/59,,0.35
5228,mgroup.bamboohr.com,https://mgroup.bamboohr.com/careers/list,1,1,https://mgroup.bamboohr.com/careers/4,,0.37
5229,mhchowneroperatorfourseasonsyachts.bamboohr.com,https://mhchowneroperatorfourseasonsyachts.bamboohr.com/careers/list,1,8,https://mhchowneroperatorfourseasonsyachts.bamboohr.com/careers/57,,0.32
5234,michiganbroadbandservices.bamboohr.com,https://michiganbroadbandservices.bamboohr.com/careers/list,1,25,https://michiganbroadbandservices.bamboohr.com/careers/50,,0.33
5258,miquido.bamboohr.com,https://miquido.bamboohr.com/careers/list,1,9,https://miquido.bamboohr.com/careers/162,,0.65
5260,mirazon.bamboohr.com,https://mirazon.bamboohr.com/careers/list,1,7,https://mirazon.bamboohr.com/careers/41,,0.36
5262,mirrorweb.bamboohr.com,https://mirrorweb.bamboohr.com/careers/list,1,2,https://mirrorweb.bamboohr.com/careers/79,,0.65
5284,mobilementor.bamboohr.com,https://mobilementor.bamboohr.com/careers/list,1,1,https://mobilementor.bamboohr.com/careers/65,,0.32
5295,modus.bamboohr.com,https://modus.bamboohr.com/careers/list,1,2,https://modus.bamboohr.com/careers/33,,0.38
5315,moriahpr.bamboohr.com,https://moriahpr.bamboohr.com/careers/list,1,9,https://moriahpr.bamboohr.com/careers/65,,0.98
5318,mosai.bamboohr.com,https://mosai.bamboohr.com/careers/list,1,2,https://mosai.bamboohr.com/careers/279,,0.43
5354,mujin.bamboohr.com,https://mujin.bamboohr.com/careers/list,1,27,https://mujin.bamboohr.com/careers/111,,0.74
5395,myitcrew.bamboohr.com,https://myitcrew.bamboohr.com/careers/list,1,12,https://myitcrew.bamboohr.com/careers/119,,0.39
5397,mylogically.bamboohr.com,https://mylogically.bamboohr.com/careers/list,1,2,https://mylogically.bamboohr.com/careers/83,,0.35
5419,nationaledu.bamboohr.com,https://nationaledu.bamboohr.com/careers/list,1,1,https://nationaledu.bamboohr.com/careers/130,,0.42
5457,nectarhr.bamboohr.com,https://nectarhr.bamboohr.com/careers/list,1,4,https://nectarhr.bamboohr.com/careers/27,,0.34
5458,nedap.bamboohr.com,https://nedap.bamboohr.com/careers/list,1,4,https://nedap.bamboohr.com/careers/102,,0.38
5472,neptuneretailsolutions.bamboohr.com,https://neptuneretailsolutions.bamboohr.com/careers/list,1,6,https://neptuneretailsolutions.bamboohr.com/careers/725,,0.45
5489,newmans.bamboohr.com,https://newmans.bamboohr.com/careers/list,1,2,https://newmans.bamboohr.com/careers/250,,0.36
5496,nexamobility.bamboohr.com,https://nexamobility.bamboohr.com/careers/list,1,7,https://nexamobility.bamboohr.com/careers/166,,0.51
5503,nextgenusa.bamboohr.com,https://nextgenusa.bamboohr.com/careers/list,1,8,https://nextgenusa.bamboohr.com/careers/102,,0.35
5519,ninthwave.bamboohr.com,https://ninthwave.bamboohr.com/careers/list,1,6,https://ninthwave.bamboohr.com/careers/149,,0.50
5525,niyamit.bamboohr.com,https://niyamit.bamboohr.com/careers/list,1,15,https://niyamit.bamboohr.com/careers/218,,0.36
5533,noanet.bamboohr.com,https://noanet.bamboohr.com/careers/list,1,2,https://noanet.bamboohr.com/careers/131,,0.42
5542,nomadgcs.bamboohr.com,https://nomadgcs.bamboohr.com/careers/list,1,32,https://nomadgcs.bamboohr.com/careers/22,,0.39
5545,norcalcontrols.bamboohr.com,https://norcalcontrols.bamboohr.com/careers/list,1,5,https://norcalcontrols.bamboohr.com/careers/2,,0.35
5560,northgeorgiaemc.bamboohr.com,https://northgeorgiaemc.bamboohr.com/careers/list,1,1,https://northgeorgiaemc.bamboohr.com/careers/116,,0.39
5602,nubimetrics.bamboohr.com,https://nubimetrics.bamboohr.com/careers/list,1,3,https://nubimetrics.bamboohr.com/careers/22,,0.50
5617,nwaea.bamboohr.com,https://nwaea.bamboohr.com/careers/list,1,16,https://nwaea.bamboohr.com/careers/296,,0.39
5618,nwcpud.bamboohr.com,https://nwcpud.bamboohr.com/careers/list,1,1,https://nwcpud.bamboohr.com/careers/65,,0.42
5646,offdutymanagement.bamboohr.com,https://offdutymanagement.bamboohr.com/careers/list,1,3,https://offdutymanagement.bamboohr.com/careers/103,,0.40
5666,omgtech.bamboohr.com,https://omgtech.bamboohr.com/careers/list,1,5,https://omgtech.bamboohr.com/careers/344,,0.35
5672,oncorps.bamboohr.com,https://oncorps.bamboohr.com/careers/list,1,7,https://oncorps.bamboohr.com/careers/75,,0.38
5677,onearc.bamboohr.com,https://onearc.bamboohr.com/careers/list,1,30,https://onearc.bamboohr.com/careers/287,,0.66
5694,onsitecomputing.bamboohr.com,https://onsitecomputing.bamboohr.com/careers/list,1,5,https://onsitecomputing.bamboohr.com/careers/30,,0.59
5695,ontheclock.bamboohr.com,https://ontheclock.bamboohr.com/careers/list,1,1,https://ontheclock.bamboohr.com/careers/52,,0.38
5698,ontinue.bamboohr.com,https://ontinue.bamboohr.com/careers/list,1,11,https://ontinue.bamboohr.com/careers/811,,0.34
5705,opened.bamboohr.com,https://opened.bamboohr.com/careers/list,1,1,https://opened.bamboohr.com/careers/24,,0.53
5710,operative.bamboohr.com,https://operative.bamboohr.com/careers/list,1,5,https://operative.bamboohr.com/careers/591,,0.65
5720,oraclelighting.bamboohr.com,https://oraclelighting.bamboohr.com/careers/list,1,1,https://oraclelighting.bamboohr.com/careers/85,,0.44
5722,ordergroup.bamboohr.com,https://ordergroup.bamboohr.com/careers/list,1,3,https://ordergroup.bamboohr.com/careers/62,,0.64
5727,origina.bamboohr.com,https://origina.bamboohr.com/careers/list,1,6,https://origina.bamboohr.com/careers/314,,0.69
5737,oscglobal.bamboohr.com,https://oscglobal.bamboohr.com/careers/list,1,6,https://oscglobal.bamboohr.com/careers/326,,0.35
5777,overwatchimaging.bamboohr.com,https://overwatchimaging.bamboohr.com/careers/list,1,7,https://overwatchimaging.bamboohr.com/careers/42,,0.38
5796,pacrimcap.bamboohr.com,https://pacrimcap.bamboohr.com/careers/list,1,5,https://pacrimcap.bamboohr.com/careers/27,,0.35
5819,parser.bamboohr.com,https://parser.bamboohr.com/careers/list,1,30,https://parser.bamboohr.com/careers/44,,0.67
5825,pateam.bamboohr.com,https://pateam.bamboohr.com/careers/list,1,3,https://pateam.bamboohr.com/careers/95,,0.68
5834,payall.bamboohr.com,https://payall.bamboohr.com/careers/list,1,2,https://payall.bamboohr.com/careers/46,,0.65
5837,payrange.bamboohr.com,https://payrange.bamboohr.com/careers/list,1,5,https://payrange.bamboohr.com/careers/67,,0.38
5848,pcsglobal.bamboohr.com,https://pcsglobal.bamboohr.com/careers/list,1,27,https://pcsglobal.bamboohr.com/careers/168,,0.36
5851,peachpayments.bamboohr.com,https://peachpayments.bamboohr.com/careers/list,1,2,https://peachpayments.bamboohr.com/careers/148,,0.34
5859,peekvision.bamboohr.com,https://peekvision.bamboohr.com/careers/list,1,1,https://peekvision.bamboohr.com/careers/56,,0.65
5860,peerislands.bamboohr.com,https://peerislands.bamboohr.com/careers/list,1,4,https://peerislands.bamboohr.com/careers/134,,0.41
5861,pegllc.bamboohr.com,https://pegllc.bamboohr.com/careers/list,1,18,https://pegllc.bamboohr.com/careers/931,,0.37
5862,pemcco.bamboohr.com,https://pemcco.bamboohr.com/careers/list,1,24,https://pemcco.bamboohr.com/careers/250,,0.36
5863,pen.bamboohr.com,https://pen.bamboohr.com/careers/list,1,8,https://pen.bamboohr.com/careers/56,,0.39
5864,pencor.bamboohr.com,https://pencor.bamboohr.com/careers/list,1,42,https://pencor.bamboohr.com/careers/966,,0.53
5870,peoplearchitectshr.bamboohr.com,https://peoplearchitectshr.bamboohr.com/careers/list,1,13,https://peoplearchitectshr.bamboohr.com/careers/269,,0.39
5890,petraconstruction.bamboohr.com,https://petraconstruction.bamboohr.com/careers/list,1,4,https://petraconstruction.bamboohr.com/careers/86,,0.40
5901,phasetechnologies.bamboohr.com,https://phasetechnologies.bamboohr.com/careers/list,1,12,https://phasetechnologies.bamboohr.com/careers/324,,0.47
5911,phoenixlaser.bamboohr.com,https://phoenixlaser.bamboohr.com/careers/list,1,13,https://phoenixlaser.bamboohr.com/careers/40,,0.39
5912,phoenixteam.bamboohr.com,https://phoenixteam.bamboohr.com/careers/list,1,12,https://phoenixteam.bamboohr.com/careers/89,,0.40
5934,pivotalsys.bamboohr.com,https://pivotalsys.bamboohr.com/careers/list,1,13,https://pivotalsys.bamboohr.com/careers/37,,0.39
5937,pixiandpop.bamboohr.com,https://pixiandpop.bamboohr.com/careers/list,1,35,https://pixiandpop.bamboohr.com/careers/125,,0.64
5954,plextrac.bamboohr.com,https://plextrac.bamboohr.com/careers/list,1,4,https://plextrac.bamboohr.com/careers/154,,0.33
5961,pmat.bamboohr.com,https://pmat.bamboohr.com/careers/list,1,22,https://pmat.bamboohr.com/careers/86,,0.42
5994,practicingtheway.bamboohr.com,https://practicingtheway.bamboohr.com/careers/list,1,2,https://practicingtheway.bamboohr.com/careers/25,,0.38
5998,prci.bamboohr.com,https://prci.bamboohr.com/careers/list,1,19,https://prci.bamboohr.com/careers/386,,0.39
6015,priceindustrial.bamboohr.com,https://priceindustrial.bamboohr.com/careers/list,1,10,https://priceindustrial.bamboohr.com/careers/342,,0.53
6023,privatelabelstaff.bamboohr.com,https://privatelabelstaff.bamboohr.com/careers/list,1,15,https://privatelabelstaff.bamboohr.com/careers/1897,,0.35
6041,proscia.bamboohr.com,https://proscia.bamboohr.com/careers/list,1,4,https://proscia.bamboohr.com/careers/259,,0.34
6054,psbhq.bamboohr.com,https://psbhq.bamboohr.com/careers/list,1,16,https://psbhq.bamboohr.com/careers/134,,0.35
6058,psignite.bamboohr.com,https://psignite.bamboohr.com/careers/list,1,2,https://psignite.bamboohr.com/careers/86,,0.64
6062,psware.bamboohr.com,https://psware.bamboohr.com/careers/list,1,15,https://psware.bamboohr.com/careers/7,,0.48
6079,pvm.bamboohr.com,https://pvm.bamboohr.com/careers/list,1,5,https://pvm.bamboohr.com/careers/153,,0.40
6083,pxinc.bamboohr.com,https://pxinc.bamboohr.com/careers/list,1,7,https://pxinc.bamboohr.com/careers/141,,0.52
6094,qtcinc.bamboohr.com,https://qtcinc.bamboohr.com/careers/list,1,6,https://qtcinc.bamboohr.com/careers/108,,0.37
6113,quintevents.bamboohr.com,https://quintevents.bamboohr.com/careers/list,1,4,https://quintevents.bamboohr.com/careers/337,,0.38
6117,r2.bamboohr.com,https://r2.bamboohr.com/careers/list,1,10,https://r2.bamboohr.com/careers/140,,0.31
6130,ramsoftinc.bamboohr.com,https://ramsoftinc.bamboohr.com/careers/list,1,1,https://ramsoftinc.bamboohr.com/careers/581,,0.37
6136,rangercollege.bamboohr.com,https://rangercollege.bamboohr.com/careers/list,1,2,https://rangercollege.bamboohr.com/careers/191,,0.38
6147,razor.bamboohr.com,https://razor.bamboohr.com/careers/list,1,2,https://razor.bamboohr.com/careers/102,,0.33
6152,rbotechnology.bamboohr.com,https://rbotechnology.bamboohr.com/careers/list,1,8,https://rbotechnology.bamboohr.com/careers/31,,0.41
6154,reachmobi.bamboohr.com,https://reachmobi.bamboohr.com/careers/list,1,14,https://reachmobi.bamboohr.com/careers/241,,0.43
6156,readycomputing.bamboohr.com,https://readycomputing.bamboohr.com/careers/list,1,2,https://readycomputing.bamboohr.com/careers/186,,0.35
6158,realprojectives.bamboohr.com,https://realprojectives.bamboohr.com/careers/list,1,2,https://realprojectives.bamboohr.com/careers/40,,0.34
6159,realsense.bamboohr.com,https://realsense.bamboohr.com/careers/list,1,7,https://realsense.bamboohr.com/careers/48,,0.33
6210,rei.bamboohr.com,https://rei.bamboohr.com/careers/list,1,9,https://rei.bamboohr.com/careers/30,,0.37
6215,relogicresearch.bamboohr.com,https://relogicresearch.bamboohr.com/careers/list,1,22,https://relogicresearch.bamboohr.com/careers/38,,0.45
6223,renrns.bamboohr.com,https://renrns.bamboohr.com/careers/list,1,8,https://renrns.bamboohr.com/careers/243,,0.31
6227,researchsol.bamboohr.com,https://researchsol.bamboohr.com/careers/list,1,2,https://researchsol.bamboohr.com/careers/104,,0.37
6237,restorativepathways.bamboohr.com,https://restorativepathways.bamboohr.com/careers/list,1,25,https://restorativepathways.bamboohr.com/careers/129,,0.34
6241,retsci.bamboohr.com,https://retsci.bamboohr.com/careers/list,1,4,https://retsci.bamboohr.com/careers/54,,0.37
6247,reverehealth.bamboohr.com,https://reverehealth.bamboohr.com/careers/list,1,90,https://reverehealth.bamboohr.com/careers/622,,0.38
6282,rivervalleycompanies.bamboohr.com,https://rivervalleycompanies.bamboohr.com/careers/list,1,11,https://rivervalleycompanies.bamboohr.com/careers/342,,0.34
6305,rogii.bamboohr.com,https://rogii.bamboohr.com/careers/list,1,5,https://rogii.bamboohr.com/careers/83,,0.39
6310,romeocomp.bamboohr.com,https://romeocomp.bamboohr.com/careers/list,1,1,https://romeocomp.bamboohr.com/careers/101,,0.33
6317,roveconcepts.bamboohr.com,https://roveconcepts.bamboohr.com/careers/list,1,5,https://roveconcepts.bamboohr.com/careers/404,,0.36
6320,royomartinaccount.bamboohr.com,https://royomartinaccount.bamboohr.com/careers/list,1,11,https://royomartinaccount.bamboohr.com/careers/147,,0.35
6324,rr46.bamboohr.com,https://rr46.bamboohr.com/careers/list,1,7,https://rr46.bamboohr.com/careers/38,,0.33
6350,rycon.bamboohr.com,https://rycon.bamboohr.com/careers/list,1,38,https://rycon.bamboohr.com/careers/743,,0.44
6364,saferidehealth.bamboohr.com,https://saferidehealth.bamboohr.com/careers/list,1,20,https://saferidehealth.bamboohr.com/careers/240,,0.29
6365,safetychain.bamboohr.com,https://safetychain.bamboohr.com/careers/list,1,3,https://safetychain.bamboohr.com/careers/185,,0.37
6366,safransed.bamboohr.com,https://safransed.bamboohr.com/careers/list,1,39,https://safransed.bamboohr.com/careers/516,,0.74
6369,sai360.bamboohr.com,https://sai360.bamboohr.com/careers/list,1,7,https://sai360.bamboohr.com/careers/98,,0.67
6392,sans.bamboohr.com,https://sans.bamboohr.com/careers/list,1,3,https://sans.bamboohr.com/careers/580,,0.64
6418,sbquantum.bamboohr.com,https://sbquantum.bamboohr.com/careers/list,1,7,https://sbquantum.bamboohr.com/careers/44,,0.35
6437,scopegroup.bamboohr.com,https://scopegroup.bamboohr.com/careers/list,1,12,https://scopegroup.bamboohr.com/careers/238,,0.87
6447,seakeeper.bamboohr.com,https://seakeeper.bamboohr.com/careers/list,1,20,https://seakeeper.bamboohr.com/careers/391,,0.38
6458,sebastiancorp.bamboohr.com,https://sebastiancorp.bamboohr.com/careers/list,1,6,https://sebastiancorp.bamboohr.com/careers/48,,0.38
6460,secunetics.bamboohr.com,https://secunetics.bamboohr.com/careers/list,1,11,https://secunetics.bamboohr.com/careers/9,,0.35
6472,securew2.bamboohr.com,https://securew2.bamboohr.com/careers/list,1,4,https://securew2.bamboohr.com/careers/35,,0.52
6473,securiport1.bamboohr.com,https://securiport1.bamboohr.com/careers/list,1,20,https://securiport1.bamboohr.com/careers/208,,0.40
6478,securonix.bamboohr.com,https://securonix.bamboohr.com/careers/list,1,30,https://securonix.bamboohr.com/careers/1656,,0.38
6483,seelllc.bamboohr.com,https://seelllc.bamboohr.com/careers/list,1,22,https://seelllc.bamboohr.com/careers/403,,0.37
6485,seiulocal521.bamboohr.com,https://seiulocal521.bamboohr.com/careers/list,1,6,https://seiulocal521.bamboohr.com/careers/116,,0.38
6515,servicetec.bamboohr.com,https://servicetec.bamboohr.com/careers/list,1,10,https://servicetec.bamboohr.com/careers/424,,0.66
6530,sgi.bamboohr.com,https://sgi.bamboohr.com/careers/list,1,15,https://sgi.bamboohr.com/careers/205,,0.33
6535,sharphueinc.bamboohr.com,https://sharphueinc.bamboohr.com/careers/list,1,2,https://sharphueinc.bamboohr.com/careers/50,,0.43
6553,shorepointinc.bamboohr.com,https://shorepointinc.bamboohr.com/careers/list,1,25,https://shorepointinc.bamboohr.com/careers/888,,0.37
6571,silverstar.bamboohr.com,https://silverstar.bamboohr.com/careers/list,1,6,https://silverstar.bamboohr.com/careers/313,,0.38
6576,simetrik.bamboohr.com,https://simetrik.bamboohr.com/careers/list,1,7,https://simetrik.bamboohr.com/careers/498,,0.37
6582,simpatico.bamboohr.com,https://simpatico.bamboohr.com/careers/list,1,1,https://simpatico.bamboohr.com/careers/87,,0.43
6603,skydwellerus.bamboohr.com,https://skydwellerus.bamboohr.com/careers/list,1,2,https://skydwellerus.bamboohr.com/careers/219,,0.36
6605,skylum.bamboohr.com,https://skylum.bamboohr.com/careers/list,1,9,https://skylum.bamboohr.com/careers/143,,0.39
6619,smardt.bamboohr.com,https://smardt.bamboohr.com/careers/list,1,42,https://smardt.bamboohr.com/careers/658,,0.58
6620,smartacre.bamboohr.com,https://smartacre.bamboohr.com/careers/list,1,1,https://smartacre.bamboohr.com/careers/98,,0.46
6634,smosh.bamboohr.com,https://smosh.bamboohr.com/careers/list,1,13,https://smosh.bamboohr.com/careers/176,,0.37
6648,soaringroup.bamboohr.com,https://soaringroup.bamboohr.com/careers/list,1,4,https://soaringroup.bamboohr.com/careers/95,,0.41
6655,sohodragon.bamboohr.com,https://sohodragon.bamboohr.com/careers/list,1,9,https://sohodragon.bamboohr.com/careers/1168,,0.45
6750,stardock.bamboohr.com,https://stardock.bamboohr.com/careers/list,1,3,https://stardock.bamboohr.com/careers/28,,0.37
6754,starksindustries.bamboohr.com,https://starksindustries.bamboohr.com/careers/list,1,4,https://starksindustries.bamboohr.com/careers/119,,0.39
6787,stimulustechnologies.bamboohr.com,https://stimulustechnologies.bamboohr.com/careers/list,1,23,https://stimulustechnologies.bamboohr.com/careers/113,,0.43
6822,suburbanenterprises.bamboohr.com,https://suburbanenterprises.bamboohr.com/careers/list,1,15,https://suburbanenterprises.bamboohr.com/careers/272,,0.40
6832,sunayu.bamboohr.com,https://sunayu.bamboohr.com/careers/list,1,26,https://sunayu.bamboohr.com/careers/226,,0.32
6855,svt.bamboohr.com,https://svt.bamboohr.com/careers/list,1,15,https://svt.bamboohr.com/careers/304,,0.35
6858,swansonhealth.bamboohr.com,https://swansonhealth.bamboohr.com/careers/list,1,1,https://swansonhealth.bamboohr.com/careers/299,,0.33
6859,swansonrussell.bamboohr.com,https://swansonrussell.bamboohr.com/careers/list,1,3,https://swansonrussell.bamboohr.com/careers/68,,0.35
6869,swyfft.bamboohr.com,https://swyfft.bamboohr.com/careers/list,1,3,https://swyfft.bamboohr.com/careers/1101,,0.57
6870,syberjet.bamboohr.com,https://syberjet.bamboohr.com/careers/list,1,7,https://syberjet.bamboohr.com/careers/68,,0.38
6894,tabush.bamboohr.com,https://tabush.bamboohr.com/careers/list,1,4,https://tabush.bamboohr.com/careers/120,,0.39
6898,tailormadecompounding.bamboohr.com,https://tailormadecompounding.bamboohr.com/careers/list,1,9,https://tailormadecompounding.bamboohr.com/careers/149,,0.31
6949,tctc.bamboohr.com,https://tctc.bamboohr.com/careers/list,1,4,https://tctc.bamboohr.com/careers/24,,0.39
6951,tdec.bamboohr.com,https://tdec.bamboohr.com/careers/list,1,2,https://tdec.bamboohr.com/careers/472,,0.45
6954,tdxcorp.bamboohr.com,https://tdxcorp.bamboohr.com/careers/list,1,23,https://tdxcorp.bamboohr.com/careers/1486,,0.39
6966,teamnorthwoods.bamboohr.com,https://teamnorthwoods.bamboohr.com/careers/list,1,1,https://teamnorthwoods.bamboohr.com/careers/227,,0.43
6969,teamvtg.bamboohr.com,https://teamvtg.bamboohr.com/careers/list,1,2,https://teamvtg.bamboohr.com/careers/36,,0.41
7011,texmed.bamboohr.com,https://texmed.bamboohr.com/careers/list,1,1,https://texmed.bamboohr.com/careers/173,,0.37
7016,tflgroup.bamboohr.com,https://tflgroup.bamboohr.com/careers/list,1,5,https://tflgroup.bamboohr.com/careers/135,,0.39
7028,thebluebirdgrp.bamboohr.com,https://thebluebirdgrp.bamboohr.com/careers/list,1,12,https://thebluebirdgrp.bamboohr.com/careers/255,,0.49
7030,thebugmanaccount.bamboohr.com,https://thebugmanaccount.bamboohr.com/careers/list,1,9,https://thebugmanaccount.bamboohr.com/careers/223,,0.38
7048,theliocegroup.bamboohr.com,https://theliocegroup.bamboohr.com/careers/list,1,2,https://theliocegroup.bamboohr.com/careers/3,,0.48
7052,themosaiccompany.bamboohr.com,https://themosaiccompany.bamboohr.com/careers/list,1,6,https://themosaiccompany.bamboohr.com/careers/302,,0.66
7067,theweitzcompany.bamboohr.com,https://theweitzcompany.bamboohr.com/careers/list,1,148,https://theweitzcompany.bamboohr.com/careers/1569,,0.46
7070,thinkom.bamboohr.com,https://thinkom.bamboohr.com/careers/list,1,8,https://thinkom.bamboohr.com/careers/61,,0.38
7074,thomasglobal.bamboohr.com,https://thomasglobal.bamboohr.com/careers/list,1,3,https://thomasglobal.bamboohr.com/careers/66,,0.40
7098,tisunbeauty.bamboohr.com,https://tisunbeauty.bamboohr.com/careers/list,1,13,https://tisunbeauty.bamboohr.com/careers/3,,0.38
7107,tmpc.bamboohr.com,https://tmpc.bamboohr.com/careers/list,1,25,https://tmpc.bamboohr.com/careers/28,,0.39
7152,tricitygroup.bamboohr.com,https://tricitygroup.bamboohr.com/careers/list,1,74,https://tricitygroup.bamboohr.com/careers/43,,0.41
7155,tridentcon.bamboohr.com,https://tridentcon.bamboohr.com/careers/list,1,3,https://tridentcon.bamboohr.com/careers/28,,0.37
7159,triggerise.bamboohr.com,https://triggerise.bamboohr.com/careers/list,1,16,https://triggerise.bamboohr.com/careers/38,,0.65
7180,truecareny.bamboohr.com,https://truecareny.bamboohr.com/careers/list,1,11,https://truecareny.bamboohr.com/careers/661,,0.38
7181,truegenics.bamboohr.com,https://truegenics.bamboohr.com/careers/list,1,7,https://truegenics.bamboohr.com/careers/165,,0.39
7184,truleap.bamboohr.com,https://truleap.bamboohr.com/careers/list,1,1,https://truleap.bamboohr.com/careers/41,,0.40
7193,tsllcva.bamboohr.com,https://tsllcva.bamboohr.com/careers/list,1,10,https://tsllcva.bamboohr.com/careers/643,,0.35
7251,umatillaelectric.bamboohr.com,https://umatillaelectric.bamboohr.com/careers/list,1,7,https://umatillaelectric.bamboohr.com/careers/192,,0.37
7267,understandingwar.bamboohr.com,https://understandingwar.bamboohr.com/careers/list,1,5,https://understandingwar.bamboohr.com/careers/188,,0.40
7269,uneekor.bamboohr.com,https://uneekor.bamboohr.com/careers/list,1,1,https://uneekor.bamboohr.com/careers/143,,0.35
7279,unitedcapmn.bamboohr.com,https://unitedcapmn.bamboohr.com/careers/list,1,41,https://unitedcapmn.bamboohr.com/careers/304,,0.39
7284,unitedsmarttech.bamboohr.com,https://unitedsmarttech.bamboohr.com/careers/list,1,45,https://unitedsmarttech.bamboohr.com/careers/35,,0.40
7285,unitedss.bamboohr.com,https://unitedss.bamboohr.com/careers/list,1,23,https://unitedss.bamboohr.com/careers/175,,0.36
7311,usan.bamboohr.com,https://usan.bamboohr.com/careers/list,1,4,https://usan.bamboohr.com/careers/195,,0.36
7339,userpilot.bamboohr.com,https://userpilot.bamboohr.com/careers/list,1,11,https://userpilot.bamboohr.com/careers/116,,0.50
7352,uspmanagement1.bamboohr.com,https://uspmanagement1.bamboohr.com/careers/list,1,6,https://uspmanagement1.bamboohr.com/careers/42,,0.36
7392,vaticoutsourcing.bamboohr.com,https://vaticoutsourcing.bamboohr.com/careers/list,1,4,https://vaticoutsourcing.bamboohr.com/careers/49,,0.38
7407,velocityrestorations.bamboohr.com,https://velocityrestorations.bamboohr.com/careers/list,1,10,https://velocityrestorations.bamboohr.com/careers/248,,0.36
7422,versafile1.bamboohr.com,https://versafile1.bamboohr.com/careers/list,1,16,https://versafile1.bamboohr.com/careers/113,,0.35
7437,vgsystems.bamboohr.com,https://vgsystems.bamboohr.com/careers/list,1,24,https://vgsystems.bamboohr.com/careers/46,,0.35
7467,virtuozzo.bamboohr.com,https://virtuozzo.bamboohr.com/careers/list,1,18,https://virtuozzo.bamboohr.com/careers/466,,0.64
7474,vision33.bamboohr.com,https://vision33.bamboohr.com/careers/list,1,9,https://vision33.bamboohr.com/careers/65,,0.76
7476,vistavu.bamboohr.com,https://vistavu.bamboohr.com/careers/list,1,1,https://vistavu.bamboohr.com/careers/195,,0.38
7478,vitalhub.bamboohr.com,https://vitalhub.bamboohr.com/careers/list,1,5,https://vitalhub.bamboohr.com/careers/366,,0.64
7485,vizxglobal.bamboohr.com,https://vizxglobal.bamboohr.com/careers/list,1,25,https://vizxglobal.bamboohr.com/careers/37,,0.39
7486,vladimirjones.bamboohr.com,https://vladimirjones.bamboohr.com/careers/list,1,3,https://vladimirjones.bamboohr.com/careers/133,,0.33
7488,volanteoneteam.bamboohr.com,https://volanteoneteam.bamboohr.com/careers/list,1,24,https://volanteoneteam.bamboohr.com/careers/60,,0.38
7496,vptpower.bamboohr.com,https://vptpower.bamboohr.com/careers/list,1,3,https://vptpower.bamboohr.com/careers/4,,0.40
7516,waldomelectronics.bamboohr.com,https://waldomelectronics.bamboohr.com/careers/list,1,10,https://waldomelectronics.bamboohr.com/careers/277,,0.35
7521,walzgroupcpa.bamboohr.com,https://walzgroupcpa.bamboohr.com/careers/list,1,5,https://walzgroupcpa.bamboohr.com/careers/41,,0.36
7571,welldoc.bamboohr.com,https://welldoc.bamboohr.com/careers/list,1,6,https://welldoc.bamboohr.com/careers/316,,0.51
7595,westpaw.bamboohr.com,https://westpaw.bamboohr.com/careers/list,1,1,https://westpaw.bamboohr.com/careers/24,,0.49
7610,whitcon.bamboohr.com,https://whitcon.bamboohr.com/careers/list,1,36,https://whitcon.bamboohr.com/careers/40,,0.40
7621,wildix.bamboohr.com,https://wildix.bamboohr.com/careers/list,1,13,https://wildix.bamboohr.com/careers/145,,0.68
7628,williston.bamboohr.com,https://williston.bamboohr.com/careers/list,1,7,https://williston.bamboohr.com/careers/29,,0.39
7630,windenergyoftexas.bamboohr.com,https://windenergyoftexas.bamboohr.com/careers/list,1,6,https://windenergyoftexas.bamboohr.com/careers/114,,0.36
7640,wirex.bamboohr.com,https://wirex.bamboohr.com/careers/list,1,7,https://wirex.bamboohr.com/careers/164,,0.66
7662,wolfsdorf.bamboohr.com,https://wolfsdorf.bamboohr.com/careers/list,1,8,https://wolfsdorf.bamboohr.com/careers/193,,0.39
7665,wondercide.bamboohr.com,https://wondercide.bamboohr.com/careers/list,1,3,https://wondercide.bamboohr.com/careers/99,,0.40
7714,wvjc.bamboohr.com,https://wvjc.bamboohr.com/careers/list,1,17,https://wvjc.bamboohr.com/careers/35,,0.38
8172,xflow.bamboohr.com,https://xflow.bamboohr.com/careers/list,1,13,https://xflow.bamboohr.com/careers/63,,0.62
8178,xscion.bamboohr.com,https://xscion.bamboohr.com/careers/list,1,6,https://xscion.bamboohr.com/careers/456,,0.41
8187,yellowcard.bamboohr.com,https://yellowcard.bamboohr.com/careers/list,1,9,https://yellowcard.bamboohr.com/careers/357,,0.38
8194,youngliving.bamboohr.com,https://youngliving.bamboohr.com/careers/list,1,12,https://youngliving.bamboohr.com/careers/181,,0.42
8212,zenlayer.bamboohr.com,https://zenlayer.bamboohr.com/careers/list,1,25,https://zenlayer.bamboohr.com/careers/333,,0.45
8216,zerovatech.bamboohr.com,https://zerovatech.bamboohr.com/careers/list,1,6,https://zerovatech.bamboohr.com/careers/28,,0.40
8219,zigabyte.bamboohr.com,https://zigabyte.bamboohr.com/careers/list,1,14,https://zigabyte.bamboohr.com/careers/45,,0.36
8225,zline.bamboohr.com,https://zline.bamboohr.com/careers/list,1,14,https://zline.bamboohr.com/careers/102,,0.39
8230,zoomph.bamboohr.com,https://zoomph.bamboohr.com/careers/list,1,6,https://zoomph.bamboohr.com/careers/109,,0.37
